-- phpMyAdmin SQL Dump
-- version 5.2.0
-- https://www.phpmyadmin.net/
--
-- Host: 127.0.0.1
-- Generation Time: Dec 12, 2023 at 12:37 PM
-- Server version: 10.4.25-MariaDB
-- PHP Version: 8.1.10

SET SQL_MODE = "NO_AUTO_VALUE_ON_ZERO";
START TRANSACTION;
SET time_zone = "+00:00";


/*!40101 SET @OLD_CHARACTER_SET_CLIENT=@@CHARACTER_SET_CLIENT */;
/*!40101 SET @OLD_CHARACTER_SET_RESULTS=@@CHARACTER_SET_RESULTS */;
/*!40101 SET @OLD_COLLATION_CONNECTION=@@COLLATION_CONNECTION */;
/*!40101 SET NAMES utf8mb4 */;

--
-- Database: `dw`
--

-- --------------------------------------------------------

--
-- Table structure for table `country`
--

CREATE TABLE `country` (
  `id` int(11) NOT NULL,
  `name` varchar(100) DEFAULT NULL,
  `landArea` int(11) DEFAULT NULL
) ENGINE=InnoDB DEFAULT CHARSET=utf8mb4;

--
-- Dumping data for table `country`
--

INSERT INTO `country` (`id`, `name`, `landArea`) VALUES
(1, 'Afghanistan', 652230),
(2, 'Albania', 28748),
(3, 'Algeria', 2381741),
(4, 'Andorra', 468),
(5, 'Angola', 1246700),
(6, 'Antigua and Barbuda', 443),
(7, 'Argentina', 2780400),
(8, 'Armenia', 29743),
(9, 'Australia', 7741220),
(10, 'Austria', 83871),
(11, 'Azerbaijan', 86600),
(12, 'Bahrain', 765),
(13, 'Bangladesh', 148460),
(14, 'Barbados', 430),
(15, 'Belarus', 207600),
(16, 'Belgium', 30528),
(17, 'Belize', 22966),
(18, 'Benin', 112622),
(19, 'Bhutan', 38394),
(20, 'Bolivia', 1098581),
(21, 'Bosnia and Herzegovina', 51197),
(22, 'Botswana', 581730),
(23, 'Brazil', 8515770),
(24, 'Brunei', 5765),
(25, 'Bulgaria', 110879),
(26, 'Burkina Faso', 274200),
(27, 'Burundi', 27830),
(28, 'Cambodia', 181035),
(29, 'Cameroon', 475440),
(30, 'Canada', 9984670),
(31, 'Cape Verde', 4033),
(32, 'Central African Republic', 622984),
(33, 'Chad', 1284000),
(34, 'Chile', 756096),
(35, 'China', 9596960),
(36, 'Colombia', 1138910),
(37, 'Comoros', 2235),
(38, 'Costa Rica', 51100),
(39, 'Croatia', 56594),
(40, 'Cuba', 110860),
(41, 'Cyprus', 9251),
(42, 'Czech Republic', 78867),
(43, 'Democratic Republic of the Congo', 2344858),
(44, 'Denmark', 43094),
(45, 'Djibouti', 23200),
(46, 'Dominica', 751),
(47, 'Dominican Republic', 48670),
(48, 'East Timor', 14874),
(49, 'Ecuador', 283561),
(50, 'Egypt', 1001450),
(51, 'El Salvador', 21041),
(52, 'Equatorial Guinea', 28051),
(53, 'Eritrea', 117600),
(54, 'Estonia', 45228),
(55, 'Eswatini', 17364),
(56, 'Ethiopia', 1104300),
(57, 'Federated States of Micronesia', 702),
(58, 'Fiji', 18274),
(59, 'Finland', 338145),
(60, 'France', 643801),
(61, 'Gabon', 267667),
(62, 'Georgia', 69700),
(63, 'Germany', 357022),
(64, 'Ghana', 238533),
(65, 'Greece', 131957),
(66, 'Grenada', 349),
(67, 'Guatemala', 108889),
(68, 'Guinea', 245857),
(69, 'Guinea-Bissau', 36125),
(70, 'Guyana', 214969),
(71, 'Haiti', 27750),
(72, 'Honduras', 112090),
(73, 'Hungary', 93028),
(74, 'Iceland', 103000),
(75, 'India', 3287263),
(76, 'Indonesia', 1904569),
(77, 'Iran', 1648195),
(78, 'Iraq', 438317),
(79, 'Israel', 20770),
(80, 'Italy', 301340),
(81, 'Ivory Coast', 322463),
(82, 'Jamaica', 10991),
(83, 'Japan', 377944),
(84, 'Jordan', 89342),
(85, 'Kazakhstan', 2724900),
(86, 'Kenya', 580367),
(87, 'Kiribati', 811),
(88, 'Kuwait', 17818),
(89, 'Kyrgyzstan', 199951),
(90, 'Laos', 236800),
(91, 'Latvia', 64589),
(92, 'Lebanon', 10400),
(93, 'Lesotho', 30355),
(94, 'Liberia', 111369),
(95, 'Libya', 1759540),
(96, 'Liechtenstein', 160),
(97, 'Lithuania', 65300),
(98, 'Luxembourg', 2586),
(99, 'Madagascar', 587041),
(100, 'Malawi', 118484),
(101, 'Malaysia', 329847),
(102, 'Maldives', 298),
(103, 'Mali', 1240192),
(104, 'Malta', 316),
(105, 'Marshall Islands', 181),
(106, 'Mauritania', 1030700),
(107, 'Mauritius', 2040),
(108, 'Mexico', 1964375),
(109, 'Moldova', 33851),
(110, 'Monaco', 2),
(111, 'Mongolia', 1564116),
(112, 'Montenegro', 13812),
(113, 'Morocco', 446550),
(114, 'Mozambique', 799380),
(115, 'Myanmar', 676578),
(116, 'Namibia', 824292),
(117, 'Nauru', 21),
(118, 'Nepal', 147181),
(119, 'Netherlands', 41543),
(120, 'New Zealand', 268838),
(121, 'Nicaragua', 130370),
(122, 'Niger', 1267000),
(123, 'Nigeria', 923768),
(124, 'North Korea', 120538),
(125, 'North Macedonia', 25713),
(126, 'Norway', 323802),
(127, 'Oman', 309500),
(128, 'Pakistan', 796095),
(129, 'Palau', 459),
(130, 'Palestinian National Authority', 0),
(131, 'Panama', 75420),
(132, 'Papua New Guinea', 462840),
(133, 'Paraguay', 406752),
(134, 'Peru', 1285216),
(135, 'Philippines', 300000),
(136, 'Poland', 312685),
(137, 'Portugal', 92212),
(138, 'Qatar', 11586),
(139, 'Republic of Ireland', 70273),
(140, 'Republic of the Congo', 342000),
(141, 'Romania', 238391),
(142, 'Russia', 17098240),
(143, 'Rwanda', 26338),
(144, 'Saint Kitts and Nevis', 261),
(145, 'Saint Lucia', 616),
(146, 'Saint Vincent and the Grenadines', 389),
(147, 'Samoa', 2831),
(148, 'San Marino', 61),
(149, 'Saudi Arabia', 2149690),
(150, 'Senegal', 196722),
(151, 'Serbia', 77474),
(152, 'Seychelles', 455),
(153, 'Sierra Leone', 71740),
(154, 'Singapore', 716),
(155, 'Slovakia', 49035),
(156, 'Slovenia', 20273),
(157, 'Solomon Islands', 28896),
(158, 'Somalia', 637657),
(159, 'South Africa', 1219090),
(160, 'South Korea', 99720),
(161, 'South Sudan', 644329),
(162, 'Spain', 505370),
(163, 'Sri Lanka', 65610),
(164, 'Sudan', 1861484),
(165, 'Suriname', 163820),
(166, 'Sweden', 450295),
(167, 'Switzerland', 41277),
(168, 'Syria', 185180),
(169, 'Sďż˝ďż˝ďż˝ďż˝ďż˝ďż˝ďż˝ďż˝ďż˝ďż˝ďż˝', 964),
(170, 'Tajikistan', 144100),
(171, 'Tanzania', 947300),
(172, 'Thailand', 513120),
(173, 'The Bahamas', 13880),
(174, 'The Gambia', 11300),
(175, 'Togo', 56785),
(176, 'Tonga', 747),
(177, 'Trinidad and Tobago', 5128),
(178, 'Tunisia', 163610),
(179, 'Turkey', 783562),
(180, 'Turkmenistan', 488100),
(181, 'Tuvalu', 26),
(182, 'Uganda', 241038),
(183, 'Ukraine', 603550),
(184, 'United Arab Emirates', 83600),
(185, 'United Kingdom', 243610),
(186, 'United States', 9833517),
(187, 'Uruguay', 176215),
(188, 'Uzbekistan', 447400),
(189, 'Vanuatu', 12189),
(190, 'Vatican City', 0),
(191, 'Venezuela', 912050),
(192, 'Vietnam', 331210),
(193, 'Yemen', 527968),
(194, 'Zambia', 752618),
(195, 'Zimbabwe', 390757);

-- --------------------------------------------------------

--
-- Table structure for table `countrydata`
--

CREATE TABLE `countrydata` (
  `id` int(11) NOT NULL,
  `year` int(11) DEFAULT NULL,
  `countryId` int(11) DEFAULT NULL,
  `healthcareDataId` int(11) DEFAULT NULL,
  `environmentalDataId` int(11) DEFAULT NULL,
  `financialDataId` int(11) DEFAULT NULL,
  `educationalDataId` int(11) DEFAULT NULL,
  `populationDataId` int(11) DEFAULT NULL
) ENGINE=InnoDB DEFAULT CHARSET=utf8mb4 COMMENT='Fact/Maintable';

--
-- Dumping data for table `countrydata`
--

INSERT INTO `countrydata` (`id`, `year`, `countryId`, `healthcareDataId`, `environmentalDataId`, `financialDataId`, `educationalDataId`, `populationDataId`) VALUES
(0, 2023, 0, 0, 0, 0, 0, 0),
(1, 2023, 1, 1, 1, 1, 1, 1),
(2, 2023, 2, 2, 2, 2, 2, 2),
(3, 2023, 3, 3, 3, 3, 3, 3),
(4, 2023, 4, 4, 4, 4, 4, 4),
(5, 2023, 5, 5, 5, 5, 5, 5),
(6, 2023, 6, 6, 6, 6, 6, 6),
(7, 2023, 7, 7, 7, 7, 7, 7),
(8, 2023, 8, 8, 8, 8, 8, 8),
(9, 2023, 9, 9, 9, 9, 9, 9),
(10, 2023, 10, 10, 10, 10, 10, 10),
(11, 2023, 11, 11, 11, 11, 11, 11),
(12, 2023, 12, 12, 12, 12, 12, 12),
(13, 2023, 13, 13, 13, 13, 13, 13),
(14, 2023, 14, 14, 14, 14, 14, 14),
(15, 2023, 15, 15, 15, 15, 15, 15),
(16, 2023, 16, 16, 16, 16, 16, 16),
(17, 2023, 17, 17, 17, 17, 17, 17),
(18, 2023, 18, 18, 18, 18, 18, 18),
(19, 2023, 19, 19, 19, 19, 19, 19),
(20, 2023, 20, 20, 20, 20, 20, 20),
(21, 2023, 21, 21, 21, 21, 21, 21),
(22, 2023, 22, 22, 22, 22, 22, 22),
(23, 2023, 23, 23, 23, 23, 23, 23),
(24, 2023, 24, 24, 24, 24, 24, 24),
(25, 2023, 25, 25, 25, 25, 25, 25),
(26, 2023, 26, 26, 26, 26, 26, 26),
(27, 2023, 27, 27, 27, 27, 27, 27),
(28, 2023, 28, 28, 28, 28, 28, 28),
(29, 2023, 29, 29, 29, 29, 29, 29),
(30, 2023, 30, 30, 30, 30, 30, 30),
(31, 2023, 31, 31, 31, 31, 31, 31),
(32, 2023, 32, 32, 32, 32, 32, 32),
(33, 2023, 33, 33, 33, 33, 33, 33),
(34, 2023, 34, 34, 34, 34, 34, 34),
(35, 2023, 35, 35, 35, 35, 35, 35),
(36, 2023, 36, 36, 36, 36, 36, 36),
(37, 2023, 37, 37, 37, 37, 37, 37),
(38, 2023, 38, 38, 38, 38, 38, 38),
(39, 2023, 39, 39, 39, 39, 39, 39),
(40, 2023, 40, 40, 40, 40, 40, 40),
(41, 2023, 41, 41, 41, 41, 41, 41),
(42, 2023, 42, 42, 42, 42, 42, 42),
(43, 2023, 43, 43, 43, 43, 43, 43),
(44, 2023, 44, 44, 44, 44, 44, 44),
(45, 2023, 45, 45, 45, 45, 45, 45),
(46, 2023, 46, 46, 46, 46, 46, 46),
(47, 2023, 47, 47, 47, 47, 47, 47),
(48, 2023, 48, 48, 48, 48, 48, 48),
(49, 2023, 49, 49, 49, 49, 49, 49),
(50, 2023, 50, 50, 50, 50, 50, 50),
(51, 2023, 51, 51, 51, 51, 51, 51),
(52, 2023, 52, 52, 52, 52, 52, 52),
(53, 2023, 53, 53, 53, 53, 53, 53),
(54, 2023, 54, 54, 54, 54, 54, 54),
(55, 2023, 55, 55, 55, 55, 55, 55),
(56, 2023, 56, 56, 56, 56, 56, 56),
(57, 2023, 57, 57, 57, 57, 57, 57),
(58, 2023, 58, 58, 58, 58, 58, 58),
(59, 2023, 59, 59, 59, 59, 59, 59),
(60, 2023, 60, 60, 60, 60, 60, 60),
(61, 2023, 61, 61, 61, 61, 61, 61),
(62, 2023, 62, 62, 62, 62, 62, 62),
(63, 2023, 63, 63, 63, 63, 63, 63),
(64, 2023, 64, 64, 64, 64, 64, 64),
(65, 2023, 65, 65, 65, 65, 65, 65),
(66, 2023, 66, 66, 66, 66, 66, 66),
(67, 2023, 67, 67, 67, 67, 67, 67),
(68, 2023, 68, 68, 68, 68, 68, 68),
(69, 2023, 69, 69, 69, 69, 69, 69),
(70, 2023, 70, 70, 70, 70, 70, 70),
(71, 2023, 71, 71, 71, 71, 71, 71),
(72, 2023, 72, 72, 72, 72, 72, 72),
(73, 2023, 73, 73, 73, 73, 73, 73),
(74, 2023, 74, 74, 74, 74, 74, 74),
(75, 2023, 75, 75, 75, 75, 75, 75),
(76, 2023, 76, 76, 76, 76, 76, 76),
(77, 2023, 77, 77, 77, 77, 77, 77),
(78, 2023, 78, 78, 78, 78, 78, 78),
(79, 2023, 79, 79, 79, 79, 79, 79),
(80, 2023, 80, 80, 80, 80, 80, 80),
(81, 2023, 81, 81, 81, 81, 81, 81),
(82, 2023, 82, 82, 82, 82, 82, 82),
(83, 2023, 83, 83, 83, 83, 83, 83),
(84, 2023, 84, 84, 84, 84, 84, 84),
(85, 2023, 85, 85, 85, 85, 85, 85),
(86, 2023, 86, 86, 86, 86, 86, 86),
(87, 2023, 87, 87, 87, 87, 87, 87),
(88, 2023, 88, 88, 88, 88, 88, 88),
(89, 2023, 89, 89, 89, 89, 89, 89),
(90, 2023, 90, 90, 90, 90, 90, 90),
(91, 2023, 91, 91, 91, 91, 91, 91),
(92, 2023, 92, 92, 92, 92, 92, 92),
(93, 2023, 93, 93, 93, 93, 93, 93),
(94, 2023, 94, 94, 94, 94, 94, 94),
(95, 2023, 95, 95, 95, 95, 95, 95),
(96, 2023, 96, 96, 96, 96, 96, 96),
(97, 2023, 97, 97, 97, 97, 97, 97),
(98, 2023, 98, 98, 98, 98, 98, 98),
(99, 2023, 99, 99, 99, 99, 99, 99),
(100, 2023, 100, 100, 100, 100, 100, 100),
(101, 2023, 101, 101, 101, 101, 101, 101),
(102, 2023, 102, 102, 102, 102, 102, 102),
(103, 2023, 103, 103, 103, 103, 103, 103),
(104, 2023, 104, 104, 104, 104, 104, 104),
(105, 2023, 105, 105, 105, 105, 105, 105),
(106, 2023, 106, 106, 106, 106, 106, 106),
(107, 2023, 107, 107, 107, 107, 107, 107),
(108, 2023, 108, 108, 108, 108, 108, 108),
(109, 2023, 109, 109, 109, 109, 109, 109),
(110, 2023, 110, 110, 110, 110, 110, 110),
(111, 2023, 111, 111, 111, 111, 111, 111),
(112, 2023, 112, 112, 112, 112, 112, 112),
(113, 2023, 113, 113, 113, 113, 113, 113),
(114, 2023, 114, 114, 114, 114, 114, 114),
(115, 2023, 115, 115, 115, 115, 115, 115),
(116, 2023, 116, 116, 116, 116, 116, 116),
(117, 2023, 117, 117, 117, 117, 117, 117),
(118, 2023, 118, 118, 118, 118, 118, 118),
(119, 2023, 119, 119, 119, 119, 119, 119),
(120, 2023, 120, 120, 120, 120, 120, 120),
(121, 2023, 121, 121, 121, 121, 121, 121),
(122, 2023, 122, 122, 122, 122, 122, 122),
(123, 2023, 123, 123, 123, 123, 123, 123),
(124, 2023, 124, 124, 124, 124, 124, 124),
(125, 2023, 125, 125, 125, 125, 125, 125),
(126, 2023, 126, 126, 126, 126, 126, 126),
(127, 2023, 127, 127, 127, 127, 127, 127),
(128, 2023, 128, 128, 128, 128, 128, 128),
(129, 2023, 129, 129, 129, 129, 129, 129),
(130, 2023, 130, 130, 130, 130, 130, 130),
(131, 2023, 131, 131, 131, 131, 131, 131),
(132, 2023, 132, 132, 132, 132, 132, 132),
(133, 2023, 133, 133, 133, 133, 133, 133),
(134, 2023, 134, 134, 134, 134, 134, 134),
(135, 2023, 135, 135, 135, 135, 135, 135),
(136, 2023, 136, 136, 136, 136, 136, 136),
(137, 2023, 137, 137, 137, 137, 137, 137),
(138, 2023, 138, 138, 138, 138, 138, 138),
(139, 2023, 139, 139, 139, 139, 139, 139),
(140, 2023, 140, 140, 140, 140, 140, 140),
(141, 2023, 141, 141, 141, 141, 141, 141),
(142, 2023, 142, 142, 142, 142, 142, 142),
(143, 2023, 143, 143, 143, 143, 143, 143),
(144, 2023, 144, 144, 144, 144, 144, 144),
(145, 2023, 145, 145, 145, 145, 145, 145),
(146, 2023, 146, 146, 146, 146, 146, 146),
(147, 2023, 147, 147, 147, 147, 147, 147),
(148, 2023, 148, 148, 148, 148, 148, 148),
(149, 2023, 149, 149, 149, 149, 149, 149),
(150, 2023, 150, 150, 150, 150, 150, 150),
(151, 2023, 151, 151, 151, 151, 151, 151),
(152, 2023, 152, 152, 152, 152, 152, 152),
(153, 2023, 153, 153, 153, 153, 153, 153),
(154, 2023, 154, 154, 154, 154, 154, 154),
(155, 2023, 155, 155, 155, 155, 155, 155),
(156, 2023, 156, 156, 156, 156, 156, 156),
(157, 2023, 157, 157, 157, 157, 157, 157),
(158, 2023, 158, 158, 158, 158, 158, 158),
(159, 2023, 159, 159, 159, 159, 159, 159),
(160, 2023, 160, 160, 160, 160, 160, 160),
(161, 2023, 161, 161, 161, 161, 161, 161),
(162, 2023, 162, 162, 162, 162, 162, 162),
(163, 2023, 163, 163, 163, 163, 163, 163),
(164, 2023, 164, 164, 164, 164, 164, 164),
(165, 2023, 165, 165, 165, 165, 165, 165),
(166, 2023, 166, 166, 166, 166, 166, 166),
(167, 2023, 167, 167, 167, 167, 167, 167),
(168, 2023, 168, 168, 168, 168, 168, 168),
(169, 2023, 169, 169, 169, 169, 169, 169),
(170, 2023, 170, 170, 170, 170, 170, 170),
(171, 2023, 171, 171, 171, 171, 171, 171),
(172, 2023, 172, 172, 172, 172, 172, 172),
(173, 2023, 173, 173, 173, 173, 173, 173),
(174, 2023, 174, 174, 174, 174, 174, 174),
(175, 2023, 175, 175, 175, 175, 175, 175),
(176, 2023, 176, 176, 176, 176, 176, 176),
(177, 2023, 177, 177, 177, 177, 177, 177),
(178, 2023, 178, 178, 178, 178, 178, 178),
(179, 2023, 179, 179, 179, 179, 179, 179),
(180, 2023, 180, 180, 180, 180, 180, 180),
(181, 2023, 181, 181, 181, 181, 181, 181),
(182, 2023, 182, 182, 182, 182, 182, 182),
(183, 2023, 183, 183, 183, 183, 183, 183),
(184, 2023, 184, 184, 184, 184, 184, 184),
(185, 2023, 185, 185, 185, 185, 185, 185),
(186, 2023, 186, 186, 186, 186, 186, 186),
(187, 2023, 187, 187, 187, 187, 187, 187),
(188, 2023, 188, 188, 188, 188, 188, 188),
(189, 2023, 189, 189, 189, 189, 189, 189),
(190, 2023, 190, 190, 190, 190, 190, 190),
(191, 2023, 191, 191, 191, 191, 191, 191),
(192, 2023, 192, 192, 192, 192, 192, 192),
(193, 2023, 193, 193, 193, 193, 193, 193),
(194, 2023, 194, 194, 194, 194, 194, 194),
(195, 2023, 195, 195, 195, 195, 195, 195);

-- --------------------------------------------------------

--
-- Table structure for table `educationaldata`
--

CREATE TABLE `educationaldata` (
  `id` int(11) NOT NULL,
  `GrossPrimaryEducationEnrollment` float DEFAULT NULL,
  `GrossTertiaryEducationEnrollment` float DEFAULT NULL
) ENGINE=InnoDB DEFAULT CHARSET=utf8mb4;

--
-- Dumping data for table `educationaldata`
--

INSERT INTO `educationaldata` (`id`, `GrossPrimaryEducationEnrollment`, `GrossTertiaryEducationEnrollment`) VALUES
(1, 104, 9.7),
(2, 107, 55),
(3, 109.9, 51.4),
(4, 106.4, NULL),
(5, 113.5, 9.3),
(6, 105, 24.8),
(7, 109.7, 90),
(8, 92.7, 54.6),
(9, 100.3, 113.1),
(10, 103.1, 85.1),
(11, 99.7, 27.7),
(12, 81.4, 15.1),
(13, 99.4, 50.5),
(14, 116.5, 20.6),
(15, 99.4, 65.4),
(16, 100.5, 87.4),
(17, 103.9, 79.7),
(18, 111.7, 24.7),
(19, 122, 12.3),
(20, 100.1, 15.6),
(21, 98.2, NULL),
(22, NULL, 23.3),
(23, 103.2, 24.9),
(24, 115.4, 51.3),
(25, 103.2, 31.4),
(26, 89.3, 71),
(27, 96.1, 6.5),
(28, 121.4, 6.1),
(29, 99.8, 9.3),
(30, 104, 23.6),
(31, 107.4, 13.7),
(32, 103.4, 12.8),
(33, 100.9, 68.9),
(34, 102, 3),
(35, 86.8, 3.3),
(36, 101.4, 88.5),
(37, 100.2, 50.6),
(38, 114.5, 55.3),
(39, 99.5, 9),
(40, 106.6, 12.7),
(41, 113.3, 55.2),
(42, 96.5, 67.9),
(43, 101.9, 41.4),
(44, 99.3, 75.9),
(45, 100.7, 64.1),
(46, 108, 6.6),
(47, 101.3, 80.6),
(48, 75.3, 5.3),
(49, 114.7, 7.2),
(50, 105.7, 59.9),
(51, 103.3, 44.9),
(52, 106.3, 35.2),
(53, 94.8, 29.4),
(54, 61.8, 1.9),
(55, 68.4, 3.4),
(56, 97.2, 69.6),
(57, NULL, NULL),
(58, 101, 8.1),
(59, 106.4, 16.1),
(60, 100.2, 88.2),
(61, 102.5, 65.6),
(62, 139.9, 8.3),
(63, 98, 2.7),
(64, 98.6, 63.9),
(65, 104, 70.2),
(66, 104.8, 15.7),
(67, 99.6, 136.6),
(68, 106.9, 104.6),
(69, 101.9, 21.8),
(70, 91.5, 11.6),
(71, 118.7, 2.6),
(72, 97.8, 11.6),
(73, 113.6, 1.1),
(74, NULL, NULL),
(75, 91.5, 26.2),
(76, 100.8, 48.5),
(77, 100.4, 71.8),
(78, 113, 28.1),
(79, 106.4, 36.3),
(80, 110.7, 68.1),
(81, 108.7, 16.2),
(82, 100.9, 77.8),
(83, 104.9, 63.4),
(84, 101.9, 61.9),
(85, 91, 27.1),
(86, 98.8, 63.2),
(87, 81.5, 34.4),
(88, 104.4, 61.7),
(89, 103.2, 11.5),
(90, 101.3, NULL),
(91, 92.4, 54.4),
(92, 107.6, 41.3),
(93, 102.4, 15),
(94, 99.4, 88.1),
(95, 95.1, 26.3),
(96, 120.9, 10.2),
(97, 85.1, 11.9),
(98, 109, 60.5),
(99, 104.7, 35.6),
(100, 103.9, 72.4),
(101, 102.3, 19.2),
(102, 142.5, 5.4),
(103, 142.5, 0.8),
(104, 105.3, 45.1),
(105, 97.1, 31.2),
(106, 75.6, 4.5),
(107, 105, 54.3),
(108, 84.7, 23.7),
(109, 99.9, 5),
(110, 101.1, 40.6),
(111, 105.8, 40.2),
(112, 97.2, 14.1),
(113, 90.6, 39.8),
(114, NULL, NULL),
(115, 104, 65.6),
(116, 100, 56.1),
(117, 113.9, 35.9),
(118, 112.6, 7.3),
(119, 112.3, 18.8),
(120, 124.2, 22.9),
(121, NULL, NULL),
(122, 142.1, 12.4),
(123, 104.2, 85),
(124, 100, 82),
(125, 120.6, 17.4),
(126, 74.7, 4.4),
(127, 84.7, 10.2),
(128, 112.8, 27),
(129, NULL, NULL),
(130, 100.3, 82),
(131, 103.4, 38),
(132, 94.3, 9),
(133, 112.6, 54.7),
(134, NULL, NULL),
(135, 94.4, 47.8),
(136, 108.5, 1.8),
(137, 104.4, 34.6),
(138, 106.9, 70.7),
(139, 107.5, 35.5),
(140, 100, 67.8),
(141, 106.2, 63.9),
(142, 103.8, 17.9),
(143, 85.2, 49.4),
(144, 102.6, 81.9),
(145, 133, 6.7),
(146, 108.7, 86.7),
(147, 102.6, 14.1),
(148, 113.4, 23.7),
(149, 110.5, 7.6),
(150, 108.1, 42.5),
(151, 106.8, 13.4),
(152, 99.8, 68),
(153, 81, 12.8),
(154, 100.3, 67.2),
(155, 100.4, 17.1),
(156, 112.8, 2),
(157, 100.6, 84.8),
(158, 98.7, 46.6),
(159, 100.4, 78.6),
(160, 106.2, NULL),
(161, 23.4, 2.5),
(162, 100.9, 22.4),
(163, 98.1, 94.3),
(164, 73, NULL),
(165, 102.7, 88.9),
(166, 100.2, 19.6),
(167, 76.8, 16.9),
(168, 108.8, 12.6),
(169, 126.6, 67),
(170, 105.2, 59.6),
(171, 81.7, 40.1),
(172, 100.9, 31.3),
(173, 94.2, 4),
(174, 99.8, 49.3),
(175, 115.3, 17.8),
(176, 123.8, 14.5),
(177, 116.3, 6.4),
(178, 106.2, 12),
(179, 115.4, 31.7),
(180, 93.2, 23.9),
(181, 88.4, 8),
(182, 86, NULL),
(183, 102.7, 4.8),
(184, 99, 82.7),
(185, 108.4, 36.8),
(186, 101.2, 60),
(187, 101.8, 88.2),
(188, 108.5, 63.1),
(189, 104.2, 10.1),
(190, 109.3, 4.7),
(191, 97.2, 79.3),
(192, 110.6, 28.5),
(193, 93.6, 10.2),
(194, 98.7, 4.1),
(195, 109.9, 10);

-- --------------------------------------------------------

--
-- Table structure for table `environmentaldata`
--

CREATE TABLE `environmentaldata` (
  `id` int(11) NOT NULL,
  `Co2Emmission` float DEFAULT NULL,
  `forestedArea` float DEFAULT NULL
) ENGINE=InnoDB DEFAULT CHARSET=utf8mb4;

--
-- Dumping data for table `environmentaldata`
--

INSERT INTO `environmentaldata` (`id`, `Co2Emmission`, `forestedArea`) VALUES
(1, 8672, 2.1),
(2, 4536, 28.1),
(3, 150006, 0.8),
(4, 469, 34),
(5, 34693, 46.3),
(6, 557, 22.3),
(7, 201348, 9.8),
(8, 5156, 11.7),
(9, 375908, 16.3),
(10, 61448, 46.9),
(11, 37620, 14.1),
(12, 1786, 51.4),
(13, 31694, 0.8),
(14, 84246, 11),
(15, 1276, 14.7),
(16, 58280, 42.6),
(17, 96889, 22.6),
(18, 568, 59.7),
(19, 6476, 37.8),
(20, 1261, 72.5),
(21, 21606, 50.3),
(22, 21848, 42.7),
(23, 6340, 18.9),
(24, 462299, 58.9),
(25, 7664, 72.1),
(26, 41708, 35.4),
(27, 3418, 19.3),
(28, 495, 10.9),
(29, 9674, 32.7),
(30, 543, 22.5),
(31, 9919, 52.9),
(32, 8291, 39.3),
(33, 544894, 38.2),
(34, 297, 35.6),
(35, 1016, 3.8),
(36, 85822, 24.3),
(37, 9893040, 22.4),
(38, 97814, 52.7),
(39, 202, 19.7),
(40, 3282, 65.4),
(41, 8023, 54.6),
(42, 17488, 34.4),
(43, 28284, 31.3),
(44, 6626, 18.7),
(45, 102218, 34.6),
(46, 2021, 67.2),
(47, 31786, 14.7),
(48, 620, 0.2),
(49, 180, 57.4),
(50, 25258, 41.7),
(51, 41155, 50.2),
(52, 238560, 0.1),
(53, 7169, 12.6),
(54, 5655, 55.5),
(55, 711, 14.9),
(56, 16590, 51.3),
(57, 143, NULL),
(58, 14870, 12.5),
(59, 2046, 55.9),
(60, 45871, 73.1),
(61, 303276, 31.2),
(62, 5321, 90),
(63, 532, 48.4),
(64, 10128, 40.6),
(65, 727973, 32.7),
(66, 16670, 41.2),
(67, 62434, 31.7),
(68, 268, 50),
(69, 16777, 32.7),
(70, 2996, 25.8),
(71, 293, 69.8),
(72, 2384, 83.9),
(73, 2978, 3.5),
(74, 143, NULL),
(75, 9813, 40),
(76, 45537, 22.9),
(77, 2065, 0.5),
(78, 2407670, 23.8),
(79, 563325, 49.9),
(80, 661710, 6.6),
(81, 190061, 1.9),
(82, 37711, 11),
(83, 65166, 7.7),
(84, 320411, 31.8),
(85, 8225, 30.9),
(86, 1135890, 68.5),
(87, 25108, 1.1),
(88, 247207, 1.2),
(89, 17910, 7.8),
(90, 66, 15),
(91, 98734, 0.4),
(92, 9787, 3.3),
(93, 17763, 82.1),
(94, 7004, 54),
(95, 24796, 13.4),
(96, 2512, 1.6),
(97, 1386, 43.1),
(98, 50564, 0.1),
(99, 51, 43.1),
(100, 12963, 34.8),
(101, 8988, 35.7),
(102, 3905, 21.4),
(103, 1298, 33.2),
(104, 248289, 67.6),
(105, 1445, 3.3),
(106, 3179, 3.8),
(107, 1342, 1.1),
(108, 143, 70.2),
(109, 2739, 0.2),
(110, 4349, 19),
(111, 486406, 33.9),
(112, 143, 91.9),
(113, 5115, 12.6),
(114, 143, NULL),
(115, 25368, 8),
(116, 2017, 61.5),
(117, 61276, 12.6),
(118, 7943, 48),
(119, 25280, 43.6),
(120, 4228, 8.3),
(121, 143, NULL),
(122, 9105, 25.4),
(123, 170780, 11.2),
(124, 34382, 38.6),
(125, 5592, 25.9),
(126, 2017, 0.9),
(127, 120369, 7.2),
(128, 28284, 40.7),
(129, 143, NULL),
(130, 41023, 33.2),
(131, 63457, 0),
(132, 201150, 1.9),
(133, 224, 87.6),
(134, 143, NULL),
(135, 10715, 61.9),
(136, 7536, 74.1),
(137, 7407, 37.7),
(138, 57414, 57.7),
(139, 122287, 27.8),
(140, 299037, 30.9),
(141, 48742, 34.6),
(142, 103259, 0),
(143, 69259, 30.1),
(144, 1732030, 49.8),
(145, 1115, 19.7),
(146, 238, 42.3),
(147, 414, 33.2),
(148, 220, 69.2),
(149, 246, 60.4),
(150, 143, 0),
(151, 121, 55.8),
(152, 563449, 0.5),
(153, 10902, 42.8),
(154, 45221, 31.1),
(155, 605, 88.4),
(156, 1093, 43.1),
(157, 37535, 23.1),
(158, 32424, 40.4),
(159, 12633, 62),
(160, 169, 77.9),
(161, 645, 10),
(162, 476644, 7.6),
(163, 620302, 63.4),
(164, 1727, NULL),
(165, 244002, 36.9),
(166, 23362, 32.9),
(167, 20000, 8.1),
(168, 1738, 98.3),
(169, 43252, 68.9),
(170, 34477, 31.8),
(171, 28830, 2.7),
(172, 5310, 3),
(173, 11973, 51.6),
(174, 283763, 32.2),
(175, 495, 45.4),
(176, 3000, 3.1),
(177, 128, 12.5),
(178, 43868, 46),
(179, 29937, 6.8),
(180, 372725, 15.4),
(181, 70630, 8.8),
(182, 11, 33.3),
(183, 5680, 9.7),
(184, 202250, 16.7),
(185, 206324, 4.6),
(186, 379025, 13.1),
(187, 5006300, 33.9),
(188, 6766, 10.7),
(189, 91811, 7.5),
(190, 147, 36.1),
(191, 164175, 52.7),
(192, 192668, 48.1),
(193, 10609, 1),
(194, 5141, 65.2),
(195, 10983, 35.5);

-- --------------------------------------------------------

--
-- Table structure for table `financialdata`
--

CREATE TABLE `financialdata` (
  `id` int(11) NOT NULL,
  `armedForcesSize` int(11) DEFAULT NULL,
  `CPI` float DEFAULT NULL,
  `gasolinePrice` float DEFAULT NULL,
  `GDP` int(11) DEFAULT NULL,
  `minimumWage` float DEFAULT NULL,
  `outOfPocketHealthExpenditure` float DEFAULT NULL,
  `taxRevenue` float DEFAULT NULL,
  `totalTaxRate` float DEFAULT NULL,
  `unemploymentRate` float DEFAULT NULL
) ENGINE=InnoDB DEFAULT CHARSET=utf8mb4;

--
-- Dumping data for table `financialdata`
--

INSERT INTO `financialdata` (`id`, `armedForcesSize`, `CPI`, `gasolinePrice`, `GDP`, `minimumWage`, `outOfPocketHealthExpenditure`, `taxRevenue`, `totalTaxRate`, `unemploymentRate`) VALUES
(1, 323000, 149.9, 0.7, 2147483647, 0.43, 78.4, 45199, 71.4, 45242),
(2, 9000, 119.05, 1.36, 2147483647, 44938, 56.9, 18.6, 36.6, 12.33),
(3, 317000, 151.36, 0.28, 2147483647, 0.95, 45227, 37.2, 24381, 11.7),
(4, 2000, NULL, 1.51, 2147483647, 6.63, 36.4, NULL, NULL, NULL),
(5, 117000, 261.73, 0.97, 2147483647, 0.71, 33.4, 45189, 18172, 6.89),
(6, 0, 113.81, 0.99, 1727759259, 44989, 24.3, 16.5, 43, NULL),
(7, 105000, 232.75, 44936, 2147483647, 3.35, 17.6, 45209, 106.3, 9.79),
(8, 49000, 129.18, 0.77, 2147483647, 0.66, 81.6, 20.9, 22.6, 16.99),
(9, 58000, 119.8, 0.93, 2147483647, 13.59, 19.6, 23, 47.4, 45073),
(10, 21000, 118.06, 44946, 2147483647, NULL, 17.9, 25.4, 51.4, 4.67),
(11, 82000, 156.32, 0.56, 2147483647, 0.47, 78.6, 13, 40.7, 5.51),
(12, 1000, 116.22, 0.92, 2147483647, 45071, 27.8, 14.8, 33.8, 10.36),
(13, 19000, 117.59, 0.43, 2147483647, NULL, 45224, 45036, 13.8, 0.71),
(14, 221000, 179.68, 44938, 2147483647, 0.51, 71.8, 8.8, 33.4, 45035),
(15, 1000, 134.09, 1.81, 2147483647, 44998, 45.2, 27.5, 35.6, 10.33),
(16, 155000, NULL, 0.6, 2147483647, 1.49, 34.5, 14.7, 53.3, 4.59),
(17, 32000, 117.11, 1.43, 2147483647, 45230, 17.6, 24, 55.4, 5.59),
(18, 2000, 105.68, 44939, 1879613600, 1.65, 22.7, 26.3, 45230, 6.41),
(19, 12000, 110.71, 0.72, 2147483647, 0.39, 40.5, 10.8, 48.9, 44980),
(20, 6000, 167.18, 0.98, 2147483647, 0.32, 19.8, 16, 35.3, 2.34),
(21, 71000, 148.32, 0.71, 2147483647, 1.36, 25.9, 17, 83.7, 3.5),
(22, 11000, 104.9, 44931, 2147483647, 44930, 28.6, 20.4, 23.7, 18.42),
(23, 9000, 149.75, 0.71, 2147483647, 0.29, 45076, 19.5, 45224, 18.19),
(24, 730000, 167.4, 44928, 2147483647, 1.53, 28.3, 14.2, 24016, 45268),
(25, 8000, 36220, 0.37, 2147483647, NULL, 6, NULL, 8, 45181),
(26, 31000, 114.42, 44937, 2147483647, 1.57, 47.7, 20.2, 28.3, 4.34),
(27, 11000, 106.58, 0.98, 2147483647, 0.34, 13424, 15, 41.3, 45103),
(28, 31000, 182.11, 44947, 2147483647, NULL, 45218, 13.6, 41.2, 1.43),
(29, 27000, 111.61, 0.93, 2147483647, 0.36, 36, 11.8, 18537, 3.32),
(30, 1000, 110.5, 44928, 1981845741, 0.68, 23.2, 45219, 37.5, 45285),
(31, 191000, 127.63, 0.9, 2147483647, NULL, 59.4, 45216, 45222, 0.68),
(32, 24000, 118.65, 44929, 2147483647, 0.35, 69.7, 12.8, 57.7, 3.38),
(33, 72000, 116.76, 0.81, 2147483647, 9.51, 14.6, 12.8, 24.5, 5.56),
(34, 8000, 186.86, 1.41, 2147483647, 0.37, 39.6, 8.6, 73.3, 3.68),
(35, 35000, 117.7, 0.78, 2147483647, 0.6, 56.4, NULL, 63.5, 1.89),
(36, 122000, 131.91, 44929, 2147483647, 2, 32.2, 18.2, 34, 45116),
(37, 2695000, 125.08, 0.96, 2147483647, 0.87, 32.4, 9.4, 59.2, 4.32),
(38, 481000, 140.95, 0.68, 2147483647, 44949, 18.3, 14.4, 71.2, 9.71),
(39, 2000, 103.62, NULL, 1185728677, 0.71, 74.8, NULL, 219.6, 4.34),
(40, 12000, 124.74, 0.97, 2147483647, 0.88, 43.8, 9, 54.3, 9.47),
(41, 10000, 128.85, 0.98, 2147483647, 1.84, 21.5, 13.6, 58.3, 11.85),
(42, 18000, 109.82, 44952, 2147483647, 2.92, 15.2, 22, 20.5, 6.93),
(43, 76000, NULL, 1.4, 2147483647, 0.05, NULL, NULL, NULL, 1.64),
(44, 16000, 102.51, 44949, 2147483647, NULL, 43.9, 24.5, 22.4, 45134),
(45, 23000, 116.48, 44943, 2147483647, 3, 14.8, 14.9, 17076, 1.93),
(46, 134000, 133.85, 1.49, 2147483647, 0.18, 37.4, 10.7, 50.7, 45040),
(47, 15000, 110.35, 1.55, 2147483647, NULL, 13.7, 32.4, 23.8, 4.91),
(48, 13000, 120.25, 1.32, 2147483647, NULL, 20.4, NULL, 37.9, 45229),
(49, 2000, 103.87, NULL, 596033333, 1.48, 28.4, 45221, 32.6, NULL),
(50, 71000, 135.5, 44933, 2147483647, 0.4, 43.7, 13, 48.8, 5.84),
(51, 41000, 124.14, 0.61, 2147483647, 2.46, 43.7, NULL, 34.4, 3.97),
(52, 836000, 288.57, 0.4, 2147483647, NULL, 62, 12.5, 44.4, 10.76),
(53, 42000, 111.23, 0.83, 2147483647, 0.5, 27.9, 45217, 36.4, 45027),
(54, 1000, 124.35, NULL, 2147483647, 44931, 72, 45087, 79.4, 6.43),
(55, 202000, NULL, 2, 2065001626, NULL, 52.4, NULL, 83.7, 45060),
(56, 6000, 122.14, 44940, 2147483647, 44999, 22.8, 20.9, 47.8, 45057),
(57, 2000, NULL, NULL, 2147483647, NULL, 45260, 28.6, NULL, NULL),
(58, 138000, 143.86, 0.75, 2147483647, NULL, 37.8, 7.5, 37.7, 44965),
(59, 4000, 132.3, 0.82, 2147483647, 44954, 21.4, 24.2, 11963, 45026),
(60, 25000, 112.33, 1.45, 2147483647, NULL, 19.9, 20.8, 36.6, 6.59),
(61, 307000, 110.05, 1.39, 2147483647, 45246, 6.8, 24.2, 60.7, 8.43),
(62, 7000, 122.19, 0.92, 2147483647, 1.46, 25.9, 45219, 17441, 20),
(63, 1000, 172.73, 44944, 1763819048, 0.13, 20.3, 9.4, 48.4, 45175),
(64, 26000, 133.61, 0.76, 2147483647, 0.05, 57.3, 21.7, 9.9, 14.4),
(65, 180000, 112.85, 1.39, 2147483647, 9.99, 12.5, 11.5, 48.8, 44989),
(66, 16000, 268.36, 0.92, 2147483647, 0.27, 13424, 12.6, 55.4, 4.33),
(67, 146000, 101.87, 1.54, 2147483647, 4.46, 35.5, 26.2, 51.9, 17.24),
(68, 2000, 107.43, 44938, 1228170370, NULL, 57, 19.4, 47.8, NULL),
(69, 43000, 142.92, 0.79, 2147483647, 1.6, 55.8, 10.6, 35.2, 2.46),
(70, 13000, 262.95, 0.9, 2147483647, NULL, 54.5, 10.8, 69.3, 45046),
(71, 4000, 111.65, NULL, 1340389411, 0.16, 37.2, 45229, 45.5, 2.47),
(72, 3000, 116.19, 0.9, 2147483647, 0.98, 40.5, NULL, 30.6, 11.85),
(73, 0, 179.29, 0.81, 2147483647, 0.25, 36.3, NULL, 42.7, 13.78),
(74, 2000, NULL, NULL, NULL, NULL, NULL, NULL, NULL, NULL),
(75, 23000, 150.34, 0.98, 2147483647, 44927, 18172, 17.3, 14519, 5.39),
(76, 40000, 121.64, 44944, 2147483647, 2.62, 29, 23, 37.9, 3.4),
(77, 0, 129, 1.69, 2147483647, NULL, 17, 23.3, 31.9, 2.84),
(78, 3031000, 180.44, 0.97, 2147483647, 0.3, 24016, 45250, 49.7, 5.36),
(79, 676000, 151.18, 0.63, 2147483647, 0.48, 48.3, 45219, 45229, 4.69),
(80, 563000, 550.93, 0.4, 2147483647, 1.58, 39.7, 7.4, 44.7, 11.38),
(81, 209000, 119.86, 0.61, 2147483647, 44950, 76.5, 2, 30.8, 12.82),
(82, 9000, 106.58, 1.37, 2147483647, 10.79, 15.2, 18.3, 45225, 4.93),
(83, 178000, 108.15, 1.57, 2147483647, 7.58, 24.4, 45222, 25.3, 3.86),
(84, 347000, 110.62, 1.61, 2147483647, NULL, 22.8, 24.3, 21824, 9.89),
(85, 4000, 162.47, 44937, 2147483647, 1.33, 23.7, 26.8, 13058, 8),
(86, 261000, 105.48, 44932, 2147483647, 6.77, 45212, 11.9, 46.7, 2.29),
(87, 116000, 125.6, 44936, 2147483647, 1.49, 45224, 45214, 28.6, 14.72),
(88, 71000, 182.75, 0.42, 2147483647, 0.41, 38.8, 11.7, 28.4, 4.59),
(89, 29000, 180.51, 0.95, 2147483647, 0.25, 33.4, 45214, 37.2, 2.64),
(90, 2000, 99.55, NULL, 194647202, NULL, 0.2, 22, 32.7, NULL),
(91, 25000, 126.6, 0.35, 2147483647, 0.95, 14.4, 1.4, 13, 44975),
(92, 21000, 155.68, 0.56, 2147483647, 0.09, 48.2, 18, 29, 6.33),
(93, 129000, 135.87, 0.93, 2147483647, 0.83, 45.4, 12.9, 45223, 0.63),
(94, 6000, 116.86, 44942, 2147483647, 2.8, 41.6, 22.9, 14154, 6.52),
(95, 80000, 130.02, 0.74, 2147483647, 44972, 11963, 15.3, 32.2, 45100),
(96, 2000, 155.86, 0.7, 2147483647, 0.41, 16.9, 31.6, 13.6, 23.41),
(97, 2000, 223.13, 0.8, 2147483647, 0.17, 19.6, 12.9, 46.2, 2.81),
(98, 0, 125.71, 0.11, 2147483647, 1.88, 36.7, NULL, 32.6, 18.56),
(99, 2000, NULL, 1.74, 2147483647, NULL, NULL, NULL, 21.6, NULL),
(100, 34000, 118.38, 44942, 2147483647, 2.41, 11963, 16.9, 42.6, 6.35),
(101, 2000, 115.09, 44945, 2147483647, 45059, 10.6, 26.5, 20.4, 5.36),
(102, 22000, 184.33, 44937, 2147483647, 0.21, 21.7, 45219, 38.3, 1.76),
(103, 15000, 418.34, 44941, 2147483647, 0.12, 11, 17.3, 34.5, 5.65),
(104, 136000, 121.46, 0.45, 2147483647, 0.93, 36.7, 12, 38.7, 3.32),
(105, 5000, 36342, 1.63, 2147483647, NULL, 16.4, 19.5, 30.2, 45091),
(106, 18000, 108.73, 44938, 2147483647, 0.23, 46.3, 11.6, 54.5, 45129),
(107, 2000, 113.45, 1.36, 2147483647, 45053, 13789, 26.2, 44, 3.47),
(108, 2000, NULL, 1.44, 221278000, 2, 10, 17.8, 65.9, NULL),
(109, 21000, 135.02, 44939, 2147483647, 0.53, 48.2, NULL, 67, 9.55),
(110, 3000, 129.91, 44938, 2147483647, 0.38, 50.7, 45218, 22.2, 6.67),
(111, 336000, 141.54, 0.73, 2147483647, 0.49, 41.4, 45212, 20363, 3.42),
(112, 2000, 112.1, NULL, 401932279, NULL, 2.5, 25.2, 60.5, NULL),
(113, 7000, 166.2, 0.8, 2147483647, 0.31, 46.2, 17.7, 38.7, 5.47),
(114, 2000, NULL, 2, 2147483647, 11.72, 45087, NULL, NULL, NULL),
(115, 18000, 195.76, 0.72, 2147483647, 0.65, 39.3, 16.8, 25.7, 45078),
(116, 12000, 116.32, 44942, 2147483647, 44949, 31.8, NULL, 22.2, 14.88),
(117, 246000, 111.07, 0.99, 2147483647, 1.6, 19633, 21.9, 45.8, 45171),
(118, 11000, 182.31, 0.65, 2147483647, 0.27, 6.8, 0, 13424, 45009),
(119, 513000, 168.18, 0.54, 2147483647, 0.39, 73.9, 5.4, 31.2, 1.58),
(120, 16000, 157.97, 0.76, 2147483647, NULL, 45168, 45226, 20.7, 20.27),
(121, 2000, NULL, NULL, 133000000, NULL, NULL, NULL, NULL, NULL),
(122, 112000, 188.73, 0.91, 2147483647, 0.36, 60.4, 20.7, 41.8, 1.41),
(123, 41000, 115.91, 1.68, 2147483647, 45228, 45290, 23, 41.2, 45005),
(124, 9000, 114.24, 1.4, 2147483647, 11.49, 12.6, 29, 34.6, 45023),
(125, 12000, 162.74, 0.91, 2147483647, 0.54, 36, 15.6, 60.6, 6.84),
(126, 10000, 109.32, 0.88, 2147483647, 0.29, 52.3, 11.8, 47.2, 0.47),
(127, 215000, 267.51, 0.46, 2147483647, 0.54, 72.2, 1.5, 34.8, 45148),
(128, 1469000, NULL, 0.58, 2147483647, NULL, NULL, NULL, NULL, 2.74),
(129, 2000, NULL, NULL, 2147483647, NULL, 35.6, NULL, NULL, NULL),
(130, 23000, 120.27, 1.78, 2147483647, NULL, 14.3, 23.9, 36.2, 3.35),
(131, 47000, 113.53, 0.45, 2147483647, 4.33, 6.4, 2.5, 27.4, 2.67),
(132, 936000, 182.32, 0.79, 2147483647, 0.69, 66.5, 45189, 33.9, 4.45),
(133, 2000, 118.17, NULL, 283994900, 3, 21.8, 21.3, 76.6, NULL),
(134, 2000, NULL, NULL, NULL, NULL, NULL, NULL, NULL, NULL),
(135, 26000, 122.07, 0.74, 2147483647, 1.53, 30.5, NULL, 37.2, 3.9),
(136, 4000, 155.99, 1.36, 2147483647, 44942, 5.8, 13.6, 13789, 2.46),
(137, 27000, 143.82, 44930, 2147483647, 1.55, 36.5, 10, 35, 4.81),
(138, 158000, 129.78, 0.99, 2147483647, 44954, 30.9, 14.3, 36.8, 45016),
(139, 153000, 129.61, 0.86, 2147483647, 44938, 53.5, 14, 15980, 44972),
(140, 191000, 114.11, 44933, 2147483647, 2.93, 23.2, 17.4, 40.8, 3.47),
(141, 52000, 110.62, 1.54, 2147483647, 3.78, 27.7, 22.8, 39.8, 6.33),
(142, 22000, 115.38, 0.4, 2147483647, NULL, 45097, 14.7, 45260, 0.09),
(143, 126000, 123.78, 44942, 2147483647, 44982, 21.3, 14.6, 20, 3.98),
(144, 1454000, 180.75, 0.59, 2147483647, 0.53, 36.4, 11.4, 46.2, 4.59),
(145, 35000, 151.09, 44943, 2147483647, NULL, 26, 14.3, 33.2, 44929),
(146, 2000, 104.57, NULL, 1050992593, 3.33, 56.6, 18.5, 49.7, NULL),
(147, 2000, 110.13, 44956, 2122450630, NULL, 48.4, 18.2, 34.7, 20.71),
(148, 2000, 109.67, NULL, 825385185, 44942, 21.4, 25.4, 37, 18.88),
(149, 2000, 117.56, 0.91, 850655017, 0.78, 11.5, 25.5, 19.3, 8.36),
(150, 2000, 110.63, NULL, 1637931034, NULL, 18.3, 45217, 36.2, NULL),
(151, 1000, 185.09, NULL, 429016605, NULL, 11.7, 14.6, 37, 13.37),
(152, 252000, 118.4, 0.24, 2147483647, 3.85, 15, 8.9, 15.7, 5.93),
(153, 19000, 109.25, 44940, 2147483647, 0.31, 44.2, 16.3, 44.8, 6.6),
(154, 32000, 144, 44942, 2147483647, 1.57, 40.6, 18.6, 36.6, 12.69),
(155, 0, 129.96, NULL, 1698843063, 2, 2.5, 12693, 45229, NULL),
(156, 9000, 234.16, 44934, 2147483647, 0.57, 38.2, 8.6, 30.7, 4.43),
(157, 81000, 114.41, 44951, 2147483647, NULL, 36.7, 45212, 21, 45027),
(158, 16000, 115.34, 1.32, 2147483647, 44996, 18.4, 18.7, 49.7, 5.56),
(159, 7000, 111.05, 1.32, 2147483647, 45071, 12.5, 18.6, 31, 45036),
(160, 2000, 133.06, NULL, 1425074226, 0.4, 45015, 29.5, 32, 0.58),
(161, 20000, NULL, 1.41, 2147483647, NULL, NULL, 0, NULL, 11.35),
(162, 80000, 158.93, 0.92, 2147483647, NULL, 7.7, 27.5, 29.2, 28.18),
(163, 634000, 115.16, 44948, 2147483647, 6.49, 36.8, 15.6, 33.2, 45031),
(164, 185000, 4583.71, 0.28, 2147483647, NULL, 61.3, NULL, 31.4, 45284),
(165, 196000, 110.96, 44952, 2147483647, 5.6, 24.2, 14.2, 47, 13.96),
(166, 317000, 155.53, 0.88, 2147483647, 0.35, 38.4, 11.9, 55.2, 45036),
(167, 124000, 1344.19, 0.95, 2147483647, 0.41, 63.2, 8, 45.4, 16.53),
(168, 2000, 294.66, 44955, 2147483647, NULL, 45209, 19.5, 27.9, 7.33),
(169, 30000, 110.51, 1.42, 2147483647, NULL, 15.2, 27.9, 18172, 6.48),
(170, 21000, 99.55, 1.45, 2147483647, NULL, 28.3, 45209, 28.8, 4.58),
(171, 239000, 143.2, 0.83, 2147483647, 44928, 53.7, 14.2, 42.7, 8.37),
(172, 17000, 148.57, 0.71, 2147483647, 0.23, 23285, 9.8, 67.3, 45232),
(173, 28000, 187.43, 0.87, 2147483647, 0.09, 45225, 11.5, 43.8, 1.98),
(174, 455000, 113.27, 0.71, 2147483647, 44932, 11.8, 14.9, 29.5, 0.75),
(175, 2000, 145.38, 44936, 1673540300, 0.6, 45219, 25, 17.3, 4.55),
(176, 10000, 113.3, 0.71, 2147483647, 0.34, 51, 16.9, 48.2, 44961),
(177, 2000, 121.09, NULL, 450353314, NULL, 45219, 22.3, 27.5, 44938),
(178, 4000, 141.75, 0.54, 2147483647, 44982, 37.3, 19.5, 40.5, 2.69),
(179, 48000, 155.33, 0.73, 2147483647, 0.47, 39.8, 45220, 60.7, 44973),
(180, 512000, 234.44, 1.42, 2147483647, 3.45, 16.9, 17.9, 42.3, 13.49),
(181, 42000, NULL, 0.29, 2147483647, 0.88, 26207, NULL, NULL, 3.91),
(182, 2000, NULL, NULL, 47271463, NULL, 0.7, NULL, NULL, NULL),
(183, 46000, 173.87, 0.94, 2147483647, 0.01, 40.5, 11.7, 33.7, 1.84),
(184, 297000, 281.66, 0.83, 2147483647, 0.84, 47.8, 45219, 45.2, 8.88),
(185, 63000, 114.52, 0.49, 2147483647, NULL, 17.8, 0.1, 15.9, 2.35),
(186, 148000, 119.62, 1.46, 2147483647, 45212, 14.8, 25.5, 30.6, 3.85),
(187, 1359000, 117.24, 0.71, 2147483647, 45132, 45240, 9.6, 36.6, 14.7),
(188, 22000, 202.92, 1.5, 2147483647, 1.66, 16.2, 45219, 41.8, 8.73),
(189, 68000, NULL, 44929, 2147483647, 0.24, 42.7, 14.8, 31.6, 5.92),
(190, 2000, 117.13, 44957, 917058851, 1.56, 8.9, 17.8, 8.5, 4.39),
(191, 343000, 2740.27, 0, 2147483647, 0.01, 45.8, NULL, 73.3, 8.8),
(192, 522000, 163.52, 0.8, 2147483647, 0.73, 43.5, 45218, 37.6, 44958),
(193, 40000, 157.58, 0.92, 2147483647, NULL, 81, NULL, 26.6, 12.91),
(194, 16000, 212.31, 1.4, 2147483647, 0.24, 27.5, 16.2, 15.6, 11.43),
(195, 51000, 105.51, 1.34, 2147483647, NULL, 25.8, 20.7, 31.6, 4.95);

-- --------------------------------------------------------

--
-- Table structure for table `happinesreportscore`
--

CREATE TABLE `happinesreportscore` (
  `id` int(11) NOT NULL,
  `countryId` int(11) DEFAULT NULL,
  `year` int(11) DEFAULT NULL,
  `score` float DEFAULT NULL
) ENGINE=InnoDB DEFAULT CHARSET=utf8mb4 COMMENT='Fact/Maintable';

--
-- Dumping data for table `happinesreportscore`
--

INSERT INTO `happinesreportscore` (`id`, `countryId`, `year`, `score`) VALUES
(1, 2, 2022, 1.859),
(2, 2, 2021, 2.4038),
(3, 2, 2020, 2.5229),
(4, 2, 2019, 2.5669),
(5, 2, 2018, 3.2033),
(6, 2, 2017, 3.6315),
(7, 2, 2016, 3.794),
(8, 2, 2015, 3.36),
(9, 2, 2014, 3.575),
(10, 2, 2011, 4.25835),
(11, 3, 2022, 5.2773),
(12, 3, 2021, 5.1988),
(13, 3, 2020, 5.1174),
(14, 3, 2019, 4.8827),
(15, 3, 2018, 4.7186),
(16, 3, 2017, 4.586),
(17, 3, 2016, 4.644),
(18, 3, 2015, 4.655),
(19, 3, 2014, 4.959),
(20, 3, 2011, 5.1337),
(21, 38, 2022, 5.3291),
(22, 38, 2021, 5.1223),
(23, 38, 2020, 4.8871),
(24, 38, 2019, 5.0051),
(25, 38, 2018, 5.2113),
(26, 38, 2017, 5.2946),
(27, 38, 2016, 5.872),
(28, 38, 2015, 6.355),
(29, 38, 2014, 5.605),
(30, 38, 2011, 5.36783),
(31, 5, 2017, 3.7948),
(32, 5, 2016, 3.795),
(33, 5, 2015, 3.866),
(34, 5, 2014, 4.033),
(35, 5, 2011, 4.17838),
(36, 6, 2022, 6.0237),
(37, 6, 2021, 5.967),
(38, 6, 2020, 5.9293),
(39, 6, 2019, 5.9747),
(40, 6, 2018, 6.0863),
(41, 6, 2017, 6.388),
(42, 6, 2016, 6.599),
(43, 6, 2015, 6.65),
(44, 6, 2014, 6.574),
(45, 6, 2011, 6.24236),
(46, 4, 2022, 5.3417),
(47, 4, 2021, 5.3986),
(48, 4, 2020, 5.2826),
(49, 4, 2019, 4.6768),
(50, 4, 2018, 4.5594),
(51, 4, 2017, 4.3206),
(52, 4, 2016, 4.376),
(53, 4, 2015, 4.36),
(54, 4, 2014, 4.35),
(55, 4, 2011, 4.47353),
(56, 8, 2022, 7.0946),
(57, 8, 2021, 7.1621),
(58, 8, 2020, 7.1835),
(59, 8, 2019, 7.2228),
(60, 8, 2018, 7.228),
(61, 8, 2017, 7.2721),
(62, 8, 2016, 7.284),
(63, 8, 2015, 7.313),
(64, 8, 2014, 7.284),
(65, 8, 2011, 7.34462),
(66, 7, 2022, 7.0973),
(67, 7, 2021, 7.163),
(68, 7, 2020, 7.2678),
(69, 7, 2019, 7.2942),
(70, 7, 2018, 7.246),
(71, 7, 2017, 7.1394),
(72, 7, 2016, 7.006),
(73, 7, 2015, 7.119),
(74, 7, 2014, 7.2),
(75, 7, 2011, 7.22732),
(76, 9, 2021, 5.1734),
(77, 9, 2020, 5.1708),
(78, 9, 2019, 5.1648),
(79, 9, 2018, 5.2077),
(80, 9, 2017, 5.2006),
(81, 9, 2016, 5.234),
(82, 9, 2015, 5.291),
(83, 9, 2014, 5.212),
(84, 9, 2011, 4.58194),
(85, 15, 2022, 6.1732),
(86, 15, 2021, 6.6469),
(87, 15, 2020, 6.6469),
(88, 15, 2019, 6.2273),
(89, 15, 2018, 6.1994),
(90, 15, 2017, 6.1051),
(91, 15, 2016, 6.087),
(92, 15, 2015, 6.218),
(93, 15, 2014, 5.96),
(94, 15, 2011, 5.56795),
(95, 11, 2022, 4.2821),
(96, 11, 2021, 5.1555),
(97, 11, 2020, 5.0246),
(98, 11, 2019, 4.8328),
(99, 11, 2018, 4.4558),
(100, 11, 2017, 4.5004),
(101, 11, 2016, 4.608),
(102, 11, 2015, 4.643),
(103, 11, 2014, 4.694),
(104, 11, 2011, 4.8071),
(105, 22, 2021, 5.8215),
(106, 22, 2020, 5.5335),
(107, 22, 2019, 5.5399),
(108, 22, 2018, 5.3225),
(109, 22, 2017, 5.4833),
(110, 22, 2016, 5.569),
(111, 22, 2015, 5.802),
(112, 22, 2014, 5.813),
(113, 22, 2011, 5.56631),
(114, 12, 2022, 6.8591),
(115, 12, 2021, 6.805),
(116, 12, 2020, 6.834),
(117, 12, 2019, 6.8635),
(118, 12, 2018, 6.923),
(119, 12, 2017, 6.9269),
(120, 12, 2016, 6.891),
(121, 12, 2015, 6.929),
(122, 12, 2014, 6.937),
(123, 12, 2011, 7.11318),
(124, 23, 2017, 5.9556),
(125, 23, 2016, 5.956),
(126, 23, 2015, 5.956),
(127, 23, 2011, 6.45064),
(128, 17, 2022, 4.3737),
(129, 17, 2021, 4.6232),
(130, 17, 2020, 5.0452),
(131, 17, 2019, 5.216),
(132, 17, 2018, 4.8832),
(133, 17, 2017, 4.1414),
(134, 17, 2016, 3.657),
(135, 17, 2015, 3.484),
(136, 17, 2014, 3.34),
(137, 17, 2011, 3.493),
(138, 20, 2018, 5.0821),
(139, 20, 2017, 5.0821),
(140, 20, 2016, 5.011),
(141, 20, 2015, 5.196),
(142, 20, 2014, 5.253),
(143, 18, 2022, 5.6843),
(144, 18, 2021, 5.6003),
(145, 18, 2020, 5.7159),
(146, 18, 2019, 5.7475),
(147, 18, 2018, 5.7793),
(148, 18, 2017, 5.7519),
(149, 18, 2016, 5.823),
(150, 18, 2015, 5.822),
(151, 18, 2014, 5.89),
(152, 18, 2011, 5.63349),
(153, 10, 2022, 5.6325),
(154, 10, 2021, 5.768),
(155, 10, 2020, 5.8131),
(156, 10, 2019, 5.6741),
(157, 10, 2018, 5.3865),
(158, 10, 2017, 5.1294),
(159, 10, 2016, 5.182),
(160, 10, 2015, 5.163),
(161, 10, 2014, 4.949),
(162, 10, 2011, 4.85744),
(163, 21, 2022, 3.4353),
(164, 21, 2021, 3.4711),
(165, 21, 2020, 3.4665),
(166, 21, 2019, 3.4789),
(167, 21, 2018, 3.4884),
(168, 21, 2017, 3.5898),
(169, 21, 2016, 3.766),
(170, 21, 2015, 3.974),
(171, 21, 2014, 4.332),
(172, 21, 2011, 4.58053),
(173, 19, 2022, 6.1246),
(174, 19, 2021, 6.2928),
(175, 19, 2020, 6.3301),
(176, 19, 2019, 6.3756),
(177, 19, 2018, 6.2998),
(178, 19, 2017, 6.4189),
(179, 19, 2016, 6.635),
(180, 19, 2015, 6.952),
(181, 19, 2014, 6.983),
(182, 19, 2011, 6.6975),
(183, 14, 2022, 5.4661),
(184, 14, 2021, 5.3709),
(185, 14, 2020, 5.2655),
(186, 14, 2019, 5.1015),
(187, 14, 2018, 5.011),
(188, 14, 2017, 4.9331),
(189, 14, 2016, 4.714),
(190, 14, 2015, 4.217),
(191, 14, 2014, 4.218),
(192, 14, 2011, 3.88947),
(193, 13, 2022, 4.6376),
(194, 13, 2021, 4.6705),
(195, 13, 2020, 4.8338),
(196, 13, 2019, 4.7687),
(197, 13, 2018, 4.5868),
(198, 13, 2017, 4.4244),
(199, 13, 2016, 4.032),
(200, 13, 2015, 3.739),
(201, 13, 2014, 3.587),
(202, 13, 2011, 3.92603),
(203, 16, 2020, 3.7753),
(204, 16, 2019, 3.7753),
(205, 16, 2018, 3.7753),
(206, 16, 2017, 2.9045),
(207, 16, 2016, 2.905),
(208, 16, 2015, 2.905),
(209, 16, 2014, 2.905),
(210, 16, 2011, 3.67756),
(211, 70, 2022, 4.3935),
(212, 70, 2021, 4.6403),
(213, 70, 2020, 4.8304),
(214, 70, 2019, 4.8484),
(215, 70, 2018, 4.6998),
(216, 70, 2017, 4.4326),
(217, 70, 2016, 4.168),
(218, 70, 2015, 3.907),
(219, 70, 2014, 3.819),
(220, 70, 2011, 4.10072),
(221, 28, 2022, 4.9732),
(222, 28, 2021, 5.0476),
(223, 28, 2020, 5.1418),
(224, 28, 2019, 5.0849),
(225, 28, 2018, 5.0437),
(226, 28, 2017, 4.9753),
(227, 28, 2016, 4.695),
(228, 28, 2015, 4.513),
(229, 28, 2014, 4.252),
(230, 28, 2011, 4.37573),
(231, 24, 2022, 6.9607),
(232, 24, 2021, 7.0251),
(233, 24, 2020, 7.1033),
(234, 24, 2019, 7.2321),
(235, 24, 2018, 7.2781),
(236, 24, 2017, 7.3285),
(237, 24, 2016, 7.316),
(238, 24, 2015, 7.404),
(239, 24, 2014, 7.427),
(240, 24, 2011, 7.49909),
(241, 25, 2019, 3.4759),
(242, 25, 2018, 3.083),
(243, 25, 2017, 3.083),
(244, 25, 2016, 2.693),
(245, 25, 2014, 3.678),
(246, 25, 2011, 3.56789),
(247, 135, 2022, 4.3966),
(248, 135, 2021, 4.2508),
(249, 135, 2020, 4.3554),
(250, 135, 2019, 4.4227),
(251, 135, 2018, 4.3495),
(252, 135, 2017, 4.3006),
(253, 135, 2016, 3.936),
(254, 135, 2015, 3.763),
(255, 135, 2014, 3.667),
(256, 135, 2011, 3.9194),
(257, 27, 2022, 6.3338),
(258, 27, 2021, 6.1718),
(259, 27, 2020, 6.1719),
(260, 27, 2019, 6.2285),
(261, 27, 2018, 6.444),
(262, 27, 2017, 6.4762),
(263, 27, 2016, 6.652),
(264, 27, 2015, 6.705),
(265, 27, 2014, 6.67),
(266, 27, 2011, 6.12797),
(267, 29, 2022, 5.8179),
(268, 29, 2021, 5.5853),
(269, 29, 2020, 5.3391),
(270, 29, 2019, 5.1239),
(271, 29, 2018, 5.1909),
(272, 29, 2017, 5.2458),
(273, 29, 2016, 5.273),
(274, 29, 2015, 5.245),
(275, 29, 2014, 5.14),
(276, 29, 2011, 4.67972),
(277, 30, 2022, 5.6304),
(278, 30, 2021, 5.7806),
(279, 30, 2020, 6.0124),
(280, 30, 2019, 6.1634),
(281, 30, 2018, 6.1248),
(282, 30, 2017, 6.2601),
(283, 30, 2016, 6.357),
(284, 30, 2015, 6.481),
(285, 30, 2014, 6.477),
(286, 30, 2011, 6.20232),
(287, 71, 2022, 3.5452),
(288, 71, 2021, 4.6086),
(289, 71, 2020, 4.2886),
(290, 71, 2019, 4.2886),
(291, 71, 2018, 3.9728),
(292, 71, 2015, 3.956),
(293, 71, 2014, 3.956),
(294, 71, 2011, 3.70002),
(295, 31, 2022, 6.6085),
(296, 31, 2021, 6.582),
(297, 31, 2020, 7.0694),
(298, 31, 2019, 7.1214),
(299, 31, 2018, 7.1674),
(300, 31, 2017, 7.0717),
(301, 31, 2016, 7.079),
(302, 31, 2015, 7.087),
(303, 31, 2014, 7.226),
(304, 31, 2011, 7.25111),
(305, 55, 2022, 6.125),
(306, 55, 2021, 6.1252),
(307, 55, 2020, 5.8817),
(308, 55, 2019, 5.5047),
(309, 55, 2018, 5.4318),
(310, 55, 2017, 5.3212),
(311, 55, 2016, 5.293),
(312, 55, 2015, 5.488),
(313, 55, 2014, 5.759),
(314, 55, 2011, 5.62263),
(315, 32, 2011, 5.41787),
(316, 33, 2022, 6.13),
(317, 33, 2021, 6.2209),
(318, 33, 2020, 6.2235),
(319, 33, 2019, 6.159),
(320, 33, 2018, 6.0458),
(321, 33, 2017, 5.7625),
(322, 33, 2016, 5.621),
(323, 33, 2015, 5.546),
(324, 33, 2014, 5.689),
(325, 33, 2011, 6.41646),
(326, 36, 2022, 7.5864),
(327, 36, 2021, 7.6362),
(328, 36, 2020, 7.6195),
(329, 36, 2019, 7.6456),
(330, 36, 2018, 7.6001),
(331, 36, 2017, 7.5553),
(332, 36, 2016, 7.522),
(333, 36, 2015, 7.526),
(334, 36, 2014, 7.527),
(335, 36, 2011, 7.85574),
(336, 35, 2014, 4.369),
(337, 35, 2011, 4.95673),
(338, 37, 2022, 5.5689),
(339, 37, 2021, 5.7372),
(340, 37, 2020, 5.5451),
(341, 37, 2019, 5.6892),
(342, 37, 2018, 5.4253),
(343, 37, 2017, 5.3018),
(344, 37, 2016, 5.23),
(345, 37, 2015, 5.155),
(346, 37, 2014, 4.885),
(347, 37, 2011, 5.03601),
(348, 39, 2022, 5.5589),
(349, 39, 2021, 5.5333),
(350, 39, 2020, 5.764),
(351, 39, 2019, 5.9252),
(352, 39, 2018, 6.0276),
(353, 39, 2017, 5.9732),
(354, 39, 2016, 6.008),
(355, 39, 2015, 5.976),
(356, 39, 2014, 5.975),
(357, 39, 2011, 5.42484),
(358, 41, 2022, 4.1705),
(359, 41, 2021, 4.2877),
(360, 41, 2020, 4.2827),
(361, 41, 2019, 4.1514),
(362, 41, 2018, 4.1655),
(363, 41, 2017, 4.4192),
(364, 41, 2016, 4.735),
(365, 41, 2015, 4.362),
(366, 41, 2014, 4.194),
(367, 41, 2011, 4.8534),
(368, 132, 2022, 6.1216),
(369, 132, 2021, 6.12),
(370, 132, 2020, 6.0605),
(371, 132, 2019, 6.3483),
(372, 132, 2018, 6.2531),
(373, 132, 2017, 6.1668),
(374, 132, 2016, 6.003),
(375, 132, 2015, 6.068),
(376, 132, 2014, 6.13),
(377, 132, 2011, 5.95584),
(378, 40, 2022, 6.4552),
(379, 40, 2021, 6.3408),
(380, 40, 2020, 6.1888),
(381, 40, 2019, 6.0218),
(382, 40, 2018, 5.8935),
(383, 40, 2017, 5.7392),
(384, 40, 2016, 5.611),
(385, 40, 2015, 5.517),
(386, 40, 2014, 5.429),
(387, 40, 2011, 5.32998),
(388, 134, 2021, 4.3961),
(389, 134, 2020, 4.3081),
(390, 134, 2019, 4.3081),
(391, 134, 2018, 4.2116),
(392, 134, 2014, 4.867),
(393, 43, 2022, 4.0906),
(394, 43, 2021, 4.2415),
(395, 43, 2020, 4.2747),
(396, 43, 2019, 4.1862),
(397, 43, 2018, 4.2858),
(398, 43, 2017, 4.3502),
(399, 43, 2016, 4.46),
(400, 43, 2015, 4.508),
(401, 43, 2014, 4.512),
(402, 43, 2011, 4.06421),
(403, 44, 2022, 7.8042),
(404, 44, 2021, 7.821),
(405, 44, 2020, 7.8421),
(406, 44, 2019, 7.8087),
(407, 44, 2018, 7.7689),
(408, 44, 2017, 7.6321),
(409, 44, 2016, 7.469),
(410, 44, 2015, 7.413),
(411, 44, 2014, 7.406),
(412, 44, 2011, 7.57901),
(413, 45, 2022, 6.6613),
(414, 45, 2021, 6.6867),
(415, 45, 2020, 6.6899),
(416, 45, 2019, 6.6638),
(417, 45, 2018, 6.5921),
(418, 45, 2017, 6.4893),
(419, 45, 2016, 6.442),
(420, 45, 2015, 6.478),
(421, 45, 2014, 6.575),
(422, 45, 2011, 6.74646),
(423, 46, 2022, 5.0347),
(424, 46, 2021, 4.9583),
(425, 46, 2020, 4.8518),
(426, 46, 2019, 4.8293),
(427, 46, 2018, 4.7992),
(428, 46, 2017, 4.7583),
(429, 46, 2016, 4.465),
(430, 46, 2015, 4.121),
(431, 46, 2014, 3.896),
(432, 48, 2022, 5.1091),
(433, 48, 2021, 4.9732),
(434, 48, 2020, 4.8914),
(435, 48, 2019, 4.6726),
(436, 48, 2018, 4.5191),
(437, 48, 2017, 4.3405),
(438, 48, 2016, 4.286),
(439, 48, 2015, 4.252),
(440, 48, 2014, 4.297),
(441, 48, 2011, 3.89232),
(442, 34, 2022, 6.8918),
(443, 34, 2021, 7.0341),
(444, 34, 2020, 7.1545),
(445, 34, 2019, 7.0758),
(446, 34, 2018, 6.985),
(447, 34, 2017, 6.9647),
(448, 34, 2016, 6.951),
(449, 34, 2015, 6.994),
(450, 34, 2014, 6.75),
(451, 34, 2011, 6.57211),
(452, 49, 2022, 4.605),
(453, 49, 2021, 4.872),
(454, 49, 2020, 5.0884),
(455, 49, 2019, 5.148),
(456, 49, 2018, 4.9963),
(457, 49, 2017, 4.657),
(458, 49, 2016, 4.12),
(459, 49, 2015, 4.276),
(460, 49, 2014, 4.633),
(461, 49, 2011, 4.70495),
(462, 51, 2022, 5.9309),
(463, 51, 2021, 5.9482),
(464, 51, 2020, 5.7226),
(465, 51, 2019, 5.515),
(466, 51, 2018, 5.2867),
(467, 51, 2017, 5.3579),
(468, 51, 2016, 5.227),
(469, 51, 2015, 5.033),
(470, 51, 2014, 4.857),
(471, 51, 2011, 6.13297),
(472, 52, 2022, 6.1503),
(473, 52, 2021, 6.2622),
(474, 52, 2020, 6.4345),
(475, 52, 2019, 6.3989),
(476, 52, 2018, 6.4362),
(477, 52, 2017, 6.3819),
(478, 52, 2016, 6.454),
(479, 52, 2015, 6.324),
(480, 52, 2014, 6.123),
(481, 52, 2011, 6.27668),
(482, 50, 2022, 5.0717),
(483, 50, 2021, 4.8905),
(484, 50, 2020, 4.9843),
(485, 50, 2019, 4.9493),
(486, 50, 2018, 4.5344),
(487, 50, 2017, 3.9641),
(488, 50, 2016, 3.507),
(489, 50, 2015, 3.607),
(490, 50, 2014, 3.656),
(491, 50, 2011, 4.17094),
(492, 53, 2011, 5.99283),
(493, 56, 2020, 3.6149),
(494, 56, 2019, 3.7208),
(495, 56, 2018, 3.5969),
(496, 56, 2017, 3.582),
(497, 56, 2016, 3.603),
(498, 56, 2015, 4.028),
(499, 56, 2014, 4.518),
(500, 56, 2011, 3.78865),
(501, 54, 2022, 6.0225),
(502, 54, 2021, 6.0221),
(503, 54, 2020, 5.9192),
(504, 54, 2019, 5.9532),
(505, 54, 2018, 5.8604),
(506, 54, 2017, 5.504),
(507, 54, 2016, 5.181),
(508, 54, 2015, 4.871),
(509, 54, 2014, 4.788),
(510, 54, 2011, 5.56401),
(511, 57, 2022, 6.0412),
(512, 57, 2021, 6.0859),
(513, 57, 2020, 5.9916),
(514, 57, 2019, 6.0004),
(515, 57, 2018, 5.7583),
(516, 57, 2017, 5.62),
(517, 57, 2016, 5.324),
(518, 57, 2015, 5.145),
(519, 57, 2014, 4.08),
(520, 57, 2011, 4.94279),
(521, 63, 2022, 7.5296),
(522, 63, 2021, 7.5575),
(523, 63, 2020, 7.5539),
(524, 63, 2019, 7.5045),
(525, 63, 2018, 7.4936),
(526, 63, 2017, 7.4952),
(527, 63, 2016, 7.504),
(528, 63, 2015, 7.501),
(529, 63, 2014, 7.561),
(530, 63, 2011, 6.88828),
(531, 60, 2022, 4.0358),
(532, 60, 2021, 3.7771),
(533, 60, 2020, 3.8189),
(534, 60, 2019, 3.5733),
(535, 60, 2018, 4.0152),
(536, 60, 2017, 4.1898),
(537, 60, 2016, 4.315),
(538, 60, 2015, 4.404),
(539, 60, 2014, 4.565),
(540, 60, 2011, 4.9745),
(541, 58, 2022, 5.2769),
(542, 58, 2021, 5.2396),
(543, 58, 2020, 5.3445),
(544, 58, 2019, 5.2856),
(545, 58, 2018, 5.1924),
(546, 58, 2017, 5.0926),
(547, 58, 2016, 5.262),
(548, 58, 2015, 5.314),
(549, 58, 2014, 5.399),
(550, 58, 2011, 5.15875),
(551, 62, 2022, 4.8763),
(552, 62, 2021, 4.8879),
(553, 62, 2020, 4.7212),
(554, 62, 2019, 4.6724),
(555, 62, 2018, 4.548),
(556, 62, 2017, 4.7066),
(557, 62, 2016, 4.692),
(558, 62, 2015, 4.813),
(559, 62, 2014, 4.686),
(560, 62, 2011, 5.1494),
(561, 61, 2022, 4.9409),
(562, 61, 2021, 4.9409),
(563, 61, 2020, 4.8541),
(564, 61, 2019, 4.7848),
(565, 61, 2018, 4.4372),
(566, 61, 2017, 4.4556),
(567, 61, 2016, 4.497),
(568, 61, 2015, 4.575),
(569, 61, 2014, 4.677),
(570, 61, 2011, 4.88161),
(571, 59, 2022, 7.4729),
(572, 59, 2021, 7.3638),
(573, 59, 2020, 7.1571),
(574, 59, 2019, 7.1286),
(575, 59, 2018, 7.1387),
(576, 59, 2017, 7.19),
(577, 59, 2016, 7.213),
(578, 59, 2015, 7.267),
(579, 59, 2014, 7.278),
(580, 59, 2011, 7.19871),
(581, 64, 2022, 6.4045),
(582, 64, 2021, 6.4667),
(583, 64, 2020, 6.4831),
(584, 64, 2019, 6.3874),
(585, 64, 2018, 6.2234),
(586, 64, 2017, 6.0004),
(587, 64, 2016, 5.964),
(588, 64, 2015, 5.977),
(589, 64, 2014, 5.948),
(590, 64, 2011, 6.57818),
(591, 65, 2022, 5.7027),
(592, 65, 2021, 5.8496),
(593, 65, 2020, 6.3092),
(594, 65, 2019, 5.8898),
(595, 65, 2018, 5.8898),
(596, 65, 2017, 5.8898),
(597, 65, 2016, 5.311),
(598, 65, 2015, 5.51),
(599, 65, 2014, 5.709),
(600, 65, 2011, 6.20788),
(601, 67, 2022, 6.129),
(602, 67, 2021, 6.0389),
(603, 67, 2020, 5.9405),
(604, 67, 2019, 5.8708),
(605, 67, 2018, 5.8861),
(606, 67, 2017, 5.915),
(607, 67, 2016, 5.92),
(608, 67, 2015, 5.921),
(609, 67, 2014, 5.987),
(610, 67, 2011, 6.0591),
(611, 66, 2022, 4.1198),
(612, 66, 2021, 4.1521),
(613, 66, 2020, 4.3946),
(614, 66, 2019, 4.6334),
(615, 66, 2018, 4.9057),
(616, 66, 2017, 5.1607),
(617, 66, 2016, 5.336),
(618, 66, 2015, 5.303),
(619, 66, 2014, 5.192),
(620, 66, 2011, 5.70618),
(621, 74, 2022, 6.1439),
(622, 74, 2021, 6.2341),
(623, 74, 2020, 6.1518),
(624, 74, 2019, 6.0579),
(625, 74, 2018, 5.8088),
(626, 74, 2017, 5.7901),
(627, 74, 2016, 5.819),
(628, 74, 2015, 5.919),
(629, 74, 2014, 5.855),
(630, 74, 2011, 5.59449),
(631, 68, 2022, 4.4866),
(632, 68, 2021, 4.543),
(633, 68, 2020, 4.6066),
(634, 68, 2019, 4.583),
(635, 68, 2018, 4.5086),
(636, 68, 2017, 4.4097),
(637, 68, 2016, 4.553),
(638, 68, 2015, 4.356),
(639, 68, 2014, 4.419),
(640, 68, 2011, 4.18027),
(641, 73, 2021, 6.1061),
(642, 73, 2020, 6.1061),
(643, 73, 2019, 6.1021),
(644, 73, 2018, 6.0207),
(645, 73, 2017, 6.0834),
(646, 73, 2016, 6.105),
(647, 73, 2015, 6.239),
(648, 73, 2014, 6.295),
(649, 73, 2011, 6.57408),
(650, 69, 2022, 5.8253),
(651, 69, 2021, 5.8285),
(652, 69, 2020, 5.7436),
(653, 69, 2019, 5.5415),
(654, 69, 2018, 5.2607),
(655, 69, 2017, 5.1308),
(656, 69, 2016, 5.004),
(657, 69, 2015, 5.185),
(658, 69, 2014, 5.286),
(659, 69, 2011, 4.8283),
(660, 75, 2022, 5.1107),
(661, 75, 2021, 5.1403),
(662, 75, 2020, 5.03),
(663, 75, 2019, 4.8886),
(664, 75, 2018, 4.7963),
(665, 75, 2017, 4.6231),
(666, 75, 2015, 4.876),
(667, 75, 2014, 4.876),
(668, 75, 2011, 5.16107),
(669, 82, 2022, 6.2127),
(670, 82, 2021, 6.1804),
(671, 82, 2020, 6.032),
(672, 82, 2019, 5.95),
(673, 82, 2018, 5.9397),
(674, 82, 2017, 5.9331),
(675, 82, 2016, 5.85),
(676, 82, 2015, 5.56),
(677, 82, 2014, 5.098),
(678, 82, 2011, 4.76201),
(679, 76, 2022, 2.3922),
(680, 76, 2021, 2.9553),
(681, 76, 2020, 4.5838),
(682, 76, 2019, 4.7715),
(683, 76, 2018, 5.1973),
(684, 76, 2017, 5.1989),
(685, 76, 2016, 5.225),
(686, 76, 2015, 5.129),
(687, 76, 2014, 4.839),
(688, 76, 2011, 5.04922),
(689, 79, 2021, 3.5118),
(690, 79, 2020, 3.5118),
(691, 79, 2019, 3.6528),
(692, 79, 2018, 3.8019),
(693, 79, 2017, 3.8082),
(694, 79, 2016, 3.808),
(695, 79, 2014, 4.898),
(696, 78, 2022, 4.0423),
(697, 78, 2021, 5.1215),
(698, 78, 2020, 4.6252),
(699, 78, 2019, 4.5579),
(700, 78, 2018, 3.9753),
(701, 78, 2017, 3.4954),
(702, 78, 2016, 3.533),
(703, 78, 2015, 3.622),
(704, 78, 2014, 4.571),
(705, 78, 2011, 4.03965),
(706, 83, 2021, 5.3302),
(707, 83, 2020, 5.4103),
(708, 83, 2019, 5.4888),
(709, 83, 2018, 5.5253),
(710, 83, 2017, 5.5657),
(711, 83, 2016, 5.525),
(712, 83, 2015, 5.615),
(713, 83, 2014, 5.754),
(714, 83, 2011, 5.1776),
(715, 80, 2022, 6.763),
(716, 80, 2021, 6.4456),
(717, 80, 2020, 6.2554),
(718, 80, 2019, 6.2155),
(719, 80, 2018, 6.149),
(720, 80, 2017, 5.9519),
(721, 80, 2016, 5.902),
(722, 80, 2015, 5.813),
(723, 80, 2014, 5.833),
(724, 80, 2011, 5.58807),
(725, 81, 2022, 7.2279),
(726, 81, 2021, 7.404),
(727, 81, 2020, 7.3244),
(728, 81, 2019, 7.2375),
(729, 81, 2018, 7.0903),
(730, 81, 2017, 6.9099),
(731, 81, 2016, 6.863),
(732, 81, 2015, 6.871),
(733, 81, 2014, 6.946),
(734, 81, 2011, 7.05085),
(735, 87, 2022, 4.0191),
(736, 87, 2021, 4.3391),
(737, 87, 2020, 4.2085),
(738, 87, 2019, 4.1656),
(739, 87, 2018, 3.9327),
(740, 87, 2017, 3.7736),
(741, 87, 2016, 3.644),
(742, 87, 2015, 3.695),
(743, 87, 2014, 3.681),
(744, 87, 2011, 4.30933),
(745, 96, 2022, 3.4952),
(746, 96, 2021, 3.7504),
(747, 96, 2020, 3.06),
(748, 96, 2019, 3.538),
(749, 96, 2018, 3.4098),
(750, 96, 2017, 3.5868),
(751, 96, 2016, 3.97),
(752, 96, 2015, 4.156),
(753, 96, 2014, 4.292),
(754, 96, 2011, 4.62367),
(755, 98, 2022, 6.0123),
(756, 98, 2021, 5.7113),
(757, 98, 2020, 5.3843),
(758, 98, 2019, 5.3843),
(759, 98, 2018, 5.3388),
(760, 98, 2017, 6.3221),
(761, 98, 2016, 6.084),
(762, 98, 2015, 6.005),
(763, 98, 2014, 5.77),
(764, 98, 2011, 5.82321),
(765, 95, 2020, 5.1976),
(766, 95, 2019, 5.1976),
(767, 89, 2022, 4.1978),
(768, 89, 2021, 4.479),
(769, 89, 2020, 4.7235),
(770, 89, 2019, 4.7293),
(771, 89, 2018, 4.3904),
(772, 89, 2017, 4.447),
(773, 89, 2016, 4.19),
(774, 89, 2015, 4.073),
(775, 89, 2014, 3.995),
(776, 89, 2011, 3.96687),
(777, 93, 2022, 6.2999),
(778, 93, 2021, 6.4469),
(779, 93, 2020, 6.602),
(780, 93, 2019, 6.7728),
(781, 93, 2018, 6.7256),
(782, 93, 2017, 6.6266),
(783, 93, 2016, 6.527),
(784, 93, 2015, 6.488),
(785, 93, 2014, 6.302),
(786, 93, 2011, 5.95998),
(787, 92, 2022, 4.7239),
(788, 92, 2021, 4.1526),
(789, 92, 2020, 4.2274),
(790, 92, 2019, 4.3746),
(791, 92, 2018, 4.4903),
(792, 92, 2017, 4.3555),
(793, 92, 2016, 4.292),
(794, 92, 2015, 4.201),
(795, 92, 2014, 4.436),
(796, 92, 2011, 4.64289),
(797, 94, 2022, 5.9023),
(798, 94, 2021, 6.0711),
(799, 94, 2020, 6.049),
(800, 94, 2019, 6.1013),
(801, 94, 2018, 5.8882),
(802, 94, 2017, 5.8915),
(803, 94, 2016, 5.629),
(804, 94, 2015, 5.648),
(805, 94, 2014, 5.477),
(806, 94, 2011, 5.47707),
(807, 97, 2022, 6.3295),
(808, 97, 2021, 6.1276),
(809, 97, 2020, 6.3168),
(810, 97, 2019, 6.465),
(811, 97, 2018, 6.5945),
(812, 97, 2017, 6.4882),
(813, 97, 2016, 6.578),
(814, 97, 2015, 6.778),
(815, 97, 2014, 7.187),
(816, 97, 2011, 6.74029),
(817, 85, 2022, 5.8192),
(818, 85, 2021, 5.8568),
(819, 85, 2020, 5.7664),
(820, 85, 2019, 5.6075),
(821, 85, 2018, 5.5285),
(822, 85, 2017, 5.6397),
(823, 85, 2016, 5.838),
(824, 85, 2015, 5.897),
(825, 85, 2014, 5.889),
(826, 85, 2011, 5.3054),
(827, 91, 2022, 5.8402),
(828, 91, 2021, 5.7607),
(829, 91, 2020, 5.6772),
(830, 91, 2019, 5.4562),
(831, 91, 2018, 5.2854),
(832, 91, 2017, 5.1246),
(833, 91, 2016, 4.955),
(834, 91, 2015, 4.907),
(835, 91, 2014, 4.874),
(836, 91, 2011, 4.56208),
(837, 86, 2022, 5.7222),
(838, 86, 2021, 5.5468),
(839, 86, 2020, 5.5805),
(840, 86, 2019, 5.5461),
(841, 86, 2018, 5.5229),
(842, 86, 2017, 5.3475),
(843, 86, 2016, 5.237),
(844, 86, 2015, 5.161),
(845, 86, 2014, 5.192),
(846, 86, 2011, 5.14684),
(847, 84, 2022, 4.9028),
(848, 84, 2021, 5.0599),
(849, 84, 2020, 4.918),
(850, 84, 2019, 5.0948),
(851, 84, 2018, 5.2081),
(852, 84, 2017, 5.2537),
(853, 84, 2016, 5.235),
(854, 84, 2015, 5.151),
(855, 84, 2014, 5.013),
(856, 84, 2011, 4.79315),
(857, 99, 2022, 4.954),
(858, 99, 2021, 5.0483),
(859, 99, 2020, 4.7945),
(860, 99, 2019, 4.6236),
(861, 99, 2018, 4.4662),
(862, 99, 2017, 4.4166),
(863, 99, 2016, 4.55),
(864, 99, 2014, 4.971),
(865, 99, 2011, 4.69276),
(866, 90, 2022, 4.3725),
(867, 90, 2021, 4.3942),
(868, 90, 2020, 4.4258),
(869, 90, 2019, 4.308),
(870, 90, 2018, 4.3604),
(871, 90, 2017, 4.3078),
(872, 90, 2016, 4.545),
(873, 90, 2015, 4.395),
(874, 90, 2014, 4.307),
(875, 90, 2011, 5.32198),
(876, 100, 2022, 4.6308),
(877, 100, 2021, 4.4594),
(878, 100, 2020, 4.5741),
(879, 100, 2019, 4.5711),
(880, 100, 2018, 4.6392),
(881, 100, 2017, 4.4413),
(882, 100, 2016, 4.574),
(883, 100, 2015, 4.574),
(884, 100, 2011, 4.88559),
(885, 106, 2022, 5.3603),
(886, 106, 2021, 5.3765),
(887, 106, 2020, 5.2689),
(888, 106, 2019, 5.1372),
(889, 106, 2018, 4.9127),
(890, 106, 2017, 4.8804),
(891, 106, 2016, 4.962),
(892, 106, 2015, 4.793),
(893, 106, 2014, 4.514),
(894, 106, 2011, 4.47412),
(895, 104, 2022, 7.403),
(896, 104, 2021, 7.4149),
(897, 104, 2020, 7.464),
(898, 104, 2019, 7.4489),
(899, 104, 2018, 7.4876),
(900, 104, 2017, 7.4413),
(901, 104, 2016, 7.377),
(902, 104, 2015, 7.339),
(903, 104, 2014, 7.378),
(904, 104, 2011, 7.51234),
(905, 107, 2022, 7.1229),
(906, 107, 2021, 7.1998),
(907, 107, 2020, 7.2766),
(908, 107, 2019, 7.2996),
(909, 107, 2018, 7.3075),
(910, 107, 2017, 7.3238),
(911, 107, 2016, 7.314),
(912, 107, 2015, 7.334),
(913, 107, 2014, 7.286),
(914, 107, 2011, 7.37249),
(915, 103, 2022, 6.2588),
(916, 103, 2021, 6.1646),
(917, 103, 2020, 5.9721),
(918, 103, 2019, 6.1371),
(919, 103, 2018, 6.105),
(920, 103, 2017, 6.141),
(921, 103, 2016, 6.071),
(922, 103, 2015, 5.992),
(923, 103, 2014, 5.828),
(924, 103, 2011, 5.11487),
(925, 101, 2022, 4.5013),
(926, 101, 2021, 5.0035),
(927, 101, 2020, 5.0741),
(928, 101, 2019, 4.9096),
(929, 101, 2018, 4.6275),
(930, 101, 2017, 4.1655),
(931, 101, 2016, 4.028),
(932, 101, 2015, 3.856),
(933, 101, 2014, 3.845),
(934, 101, 2011, 4.12182),
(935, 102, 2022, 4.9806),
(936, 102, 2021, 4.552),
(937, 102, 2020, 4.7593),
(938, 102, 2019, 4.7241),
(939, 102, 2018, 5.2646),
(940, 102, 2017, 5.1554),
(941, 102, 2016, 5.074),
(942, 102, 2015, 4.875),
(943, 102, 2014, 5.268),
(944, 102, 2011, 4.85595),
(945, 88, 2022, 5.2536),
(946, 88, 2021, 5.199),
(947, 88, 2020, 5.1012),
(948, 88, 2019, 5.1598),
(949, 88, 2018, 5.2736),
(950, 88, 2017, 5.1848),
(951, 88, 2016, 5.175),
(952, 88, 2015, 5.121),
(953, 88, 2014, 5.007),
(954, 88, 2011, 4.36926),
(955, 105, 2022, 7.3155),
(956, 105, 2021, 7.3651),
(957, 105, 2020, 7.3925),
(958, 105, 2019, 7.488),
(959, 105, 2018, 7.5539),
(960, 105, 2017, 7.5937),
(961, 105, 2016, 7.537),
(962, 105, 2015, 7.498),
(963, 105, 2014, 7.522),
(964, 105, 2011, 7.524),
(965, 108, 2014, 6.853),
(966, 112, 2022, 4.5554),
(967, 112, 2021, 4.5158),
(968, 112, 2020, 4.934),
(969, 112, 2019, 5.6933),
(970, 112, 2018, 5.653),
(971, 112, 2017, 5.4725),
(972, 112, 2016, 5.269),
(973, 112, 2015, 5.132),
(974, 112, 2014, 5.194),
(975, 112, 2011, 5.1487),
(976, 109, 2022, 6.2645),
(977, 109, 2021, 6.3091),
(978, 109, 2020, 6.1796),
(979, 109, 2019, 6.3048),
(980, 109, 2018, 6.3213),
(981, 109, 2017, 6.43),
(982, 109, 2016, 6.452),
(983, 109, 2015, 6.701),
(984, 109, 2014, 6.786),
(985, 109, 2011, 6.86256),
(986, 115, 2022, 5.7378),
(987, 115, 2021, 5.5783),
(988, 115, 2020, 5.6526),
(989, 115, 2019, 5.6921),
(990, 115, 2018, 5.7427),
(991, 115, 2017, 5.6806),
(992, 115, 2016, 5.493),
(993, 115, 2015, 5.538),
(994, 115, 2014, 5.878),
(995, 115, 2011, 5.39826),
(996, 110, 2022, 5.5259),
(997, 110, 2021, 5.5591),
(998, 110, 2020, 5.8396),
(999, 110, 2019, 5.7968),
(1000, 110, 2018, 5.6971),
(1001, 110, 2017, 5.6632),
(1002, 110, 2016, 5.715),
(1003, 110, 2015, 5.743),
(1004, 110, 2014, 5.824),
(1005, 110, 2011, 5.25838),
(1006, 111, 2022, 5.5229),
(1007, 111, 2021, 5.9036),
(1008, 111, 2020, 5.8802),
(1009, 111, 2019, 6.006),
(1010, 111, 2018, 5.6314),
(1011, 111, 2017, 5.5241),
(1012, 111, 2016, 5.43),
(1013, 111, 2015, 5.279),
(1014, 111, 2014, 5.073),
(1015, 111, 2011, 4.82514),
(1016, 113, 2022, 6.2597),
(1017, 113, 2021, 6.1228),
(1018, 113, 2020, 6.1661),
(1019, 113, 2019, 6.1863),
(1020, 113, 2018, 6.1817),
(1021, 113, 2017, 6.123),
(1022, 113, 2016, 5.973),
(1023, 113, 2015, 5.835),
(1024, 113, 2014, 5.791),
(1025, 113, 2011, 5.80304),
(1026, 114, 2022, 5.968),
(1027, 114, 2021, 6.0163),
(1028, 114, 2020, 5.929),
(1029, 114, 2019, 5.9109),
(1030, 114, 2018, 5.6925),
(1031, 114, 2017, 5.4104),
(1032, 114, 2016, 5.195),
(1033, 114, 2015, 5.123),
(1034, 114, 2014, 5.102),
(1035, 114, 2011, 5.32731),
(1036, 116, 2018, 6.3745),
(1037, 116, 2017, 6.3745),
(1038, 116, 2016, 6.375),
(1039, 116, 2015, 6.375),
(1040, 116, 2014, 6.611),
(1041, 116, 2011, 6.56906),
(1042, 117, 2022, 6.5891),
(1043, 117, 2021, 6.477),
(1044, 117, 2020, 6.14),
(1045, 117, 2019, 6.1237),
(1046, 117, 2018, 6.0697),
(1047, 117, 2017, 5.9452),
(1048, 117, 2016, 5.825),
(1049, 117, 2015, 5.528),
(1050, 117, 2014, 5.124),
(1051, 117, 2011, 5.1785),
(1052, 119, 2022, 5.6607),
(1053, 119, 2021, 5.4586),
(1054, 119, 2020, 5.4772),
(1055, 119, 2019, 5.546),
(1056, 119, 2018, 5.6479),
(1057, 119, 2017, 5.8097),
(1058, 119, 2016, 5.963),
(1059, 119, 2015, 5.856),
(1060, 119, 2014, 5.716),
(1061, 119, 2011, 5.28431),
(1062, 120, 2021, 3.2682),
(1063, 120, 2020, 3.4147),
(1064, 120, 2019, 3.3123),
(1065, 120, 2018, 3.3338),
(1066, 120, 2017, 3.4081),
(1067, 120, 2016, 3.471),
(1068, 120, 2015, 3.515),
(1069, 120, 2014, 3.465),
(1070, 120, 2011, 4.20391),
(1071, 121, 2022, 6.4626),
(1072, 121, 2021, 6.5228),
(1073, 121, 2020, 6.494),
(1074, 121, 2019, 6.4065),
(1075, 121, 2018, 6.3747),
(1076, 121, 2017, 6.3709),
(1077, 121, 2016, 6.344),
(1078, 121, 2015, 6.379),
(1079, 121, 2014, 6.411),
(1080, 121, 2011, 6.59733),
(1081, 128, 2022, 4.8551),
(1082, 128, 2021, 5.0461),
(1083, 128, 2020, 5.1318),
(1084, 128, 2019, 4.9808),
(1085, 128, 2018, 4.6811),
(1086, 128, 2017, 4.6311),
(1087, 128, 2016, 4.535),
(1088, 128, 2015, 4.219),
(1089, 128, 2014, 3.904),
(1090, 128, 2011, 4.41418),
(1091, 118, 2022, 6.1436),
(1092, 118, 2021, 6.178),
(1093, 118, 2020, 6.0779),
(1094, 118, 2019, 5.7782),
(1095, 118, 2018, 5.603),
(1096, 118, 2017, 5.3982),
(1097, 118, 2016, 5.395),
(1098, 118, 2015, 5.177),
(1099, 118, 2014, 5.123),
(1100, 118, 2011, 4.56428),
(1101, 127, 2022, 3.1376),
(1102, 127, 2021, 3.574),
(1103, 127, 2020, 3.8494),
(1104, 127, 2019, 3.9264),
(1105, 127, 2018, 4.3742),
(1106, 127, 2017, 4.5706),
(1107, 127, 2016, 4.709),
(1108, 127, 2015, 4.635),
(1109, 127, 2014, 4.507),
(1110, 127, 2011, 3.5858),
(1111, 124, 2022, 6.5867),
(1112, 124, 2021, 6.4802),
(1113, 124, 2020, 6.3765),
(1114, 124, 2019, 6.3771),
(1115, 124, 2018, 6.262),
(1116, 124, 2017, 6.3432),
(1117, 124, 2016, 6.572),
(1118, 124, 2015, 6.739),
(1119, 124, 2014, 6.798),
(1120, 124, 2011, 6.5493),
(1121, 126, 2022, 6.4686),
(1122, 126, 2021, 6.3907),
(1123, 126, 2020, 6.3309),
(1124, 126, 2019, 6.2806),
(1125, 126, 2018, 6.1976),
(1126, 126, 2017, 6.1734),
(1127, 126, 2016, 6.098),
(1128, 126, 2015, 6.078),
(1129, 126, 2014, 5.995),
(1130, 126, 2011, 5.65684),
(1131, 125, 2022, 6.6499),
(1132, 125, 2021, 6.6301),
(1133, 125, 2020, 6.4607),
(1134, 125, 2019, 6.3634),
(1135, 125, 2018, 6.1177),
(1136, 125, 2017, 5.9476),
(1137, 125, 2016, 5.758),
(1138, 125, 2015, 5.768),
(1139, 125, 2014, 5.848),
(1140, 125, 2011, 5.92232),
(1141, 129, 2018, 4.6679),
(1142, 129, 2017, 4.9815),
(1143, 129, 2016, 5.151),
(1144, 129, 2015, 5.44),
(1145, 152, 2022, 5.2746),
(1146, 152, 2021, 5.1939),
(1147, 152, 2020, 4.9564),
(1148, 152, 2019, 4.8141),
(1149, 152, 2018, 4.7222),
(1150, 152, 2017, 4.724),
(1151, 152, 2016, 4.829),
(1152, 152, 2015, 4.459),
(1153, 152, 2014, 4.642),
(1154, 152, 2011, 5.10052),
(1155, 72, 2022, 5.9511),
(1156, 72, 2021, 5.9351),
(1157, 72, 2020, 5.8455),
(1158, 72, 2019, 5.8724),
(1159, 72, 2018, 5.8947),
(1160, 72, 2017, 5.8749),
(1161, 72, 2016, 5.838),
(1162, 72, 2015, 5.835),
(1163, 72, 2014, 5.984),
(1164, 72, 2011, 5.64344),
(1165, 131, 2019, 2.8166),
(1166, 131, 2018, 2.8526),
(1167, 131, 2017, 3.2542),
(1168, 131, 2016, 3.591),
(1169, 131, 2015, 3.832),
(1170, 42, 2022, 6.4362),
(1171, 42, 2021, 6.4763),
(1172, 42, 2020, 6.4907),
(1173, 42, 2019, 6.4009),
(1174, 42, 2018, 6.3541),
(1175, 42, 2017, 6.3099),
(1176, 42, 2016, 6.403),
(1177, 42, 2015, 6.361),
(1178, 42, 2014, 6.329),
(1179, 42, 2011, 6.76125),
(1180, 77, 2022, 4.4416),
(1181, 77, 2021, 4.3622),
(1182, 77, 2020, 4.325),
(1183, 77, 2019, 4.327),
(1184, 77, 2018, 4.3659),
(1185, 77, 2017, 4.4706),
(1186, 77, 2016, 4.44),
(1187, 77, 2015, 4.415),
(1188, 77, 2014, 4.271),
(1189, 77, 2011, 4.25961),
(1190, 122, 2017, 4.1387),
(1191, 122, 2016, 4.139),
(1192, 122, 2015, 4.139),
(1193, 122, 2014, 4.55),
(1194, 122, 2011, 4.42436),
(1195, 130, 2015, 6.269),
(1196, 130, 2014, 6.269),
(1197, 123, 2022, 7.3952),
(1198, 123, 2021, 7.3843),
(1199, 123, 2020, 7.3627),
(1200, 123, 2019, 7.3535),
(1201, 123, 2018, 7.3433),
(1202, 123, 2017, 7.3145),
(1203, 123, 2016, 7.284),
(1204, 123, 2015, 7.291),
(1205, 123, 2014, 7.364),
(1206, 123, 2011, 7.37946),
(1207, 26, 2022, 7.2401),
(1208, 26, 2021, 7.5116),
(1209, 26, 2020, 7.5715),
(1210, 26, 2019, 7.5599),
(1211, 26, 2018, 7.4802),
(1212, 26, 2017, 7.4873),
(1213, 26, 2016, 7.494),
(1214, 26, 2015, 7.509),
(1215, 26, 2014, 7.587),
(1216, 26, 2011, 7.49895),
(1217, 133, 2018, 3.4619),
(1218, 133, 2017, 3.4619),
(1219, 133, 2016, 3.462),
(1220, 133, 2015, 3.069),
(1221, 133, 2014, 3.006),
(1222, 133, 2011, 4.73534),
(1223, 138, 2022, 5.3298),
(1224, 138, 2021, 5.3771),
(1225, 138, 2020, 5.4662),
(1226, 138, 2019, 5.5557),
(1227, 138, 2018, 5.4673),
(1228, 138, 2017, 5.3525),
(1229, 138, 2016, 5.041),
(1230, 138, 2015, 4.996),
(1231, 138, 2014, 4.786),
(1232, 138, 2011, 4.61379),
(1233, 143, 2022, 3.6938),
(1234, 143, 2021, 3.7024),
(1235, 143, 2020, 3.6232),
(1236, 143, 2019, 3.4762),
(1237, 143, 2018, 3.2307),
(1238, 143, 2017, 3.3035),
(1239, 143, 2016, 3.349),
(1240, 143, 2015, 3.666),
(1241, 143, 2014, 3.781),
(1242, 143, 2011, 3.80016),
(1243, 137, 2022, 5.843),
(1244, 137, 2021, 5.8912),
(1245, 137, 2020, 5.9847),
(1246, 137, 2019, 5.9988),
(1247, 137, 2018, 6.008),
(1248, 137, 2017, 6.0723),
(1249, 137, 2016, 6.424),
(1250, 137, 2015, 6.474),
(1251, 137, 2014, 6.455),
(1252, 137, 2011, 5.80368),
(1253, 136, 2022, 4.1374),
(1254, 136, 2021, 4.1123),
(1255, 136, 2020, 4.1068),
(1256, 136, 2019, 4.1872),
(1257, 136, 2018, 4.0849),
(1258, 136, 2017, 3.9985),
(1259, 136, 2016, 3.495),
(1260, 136, 2015, 3.303),
(1261, 136, 2014, 2.839),
(1262, 136, 2011, 3.00749),
(1263, 142, 2019, 6.1919),
(1264, 142, 2018, 6.1919),
(1265, 142, 2017, 6.1919),
(1266, 142, 2016, 6.168),
(1267, 142, 2015, 6.168),
(1268, 142, 2014, 6.168),
(1269, 142, 2011, 6.26263),
(1270, 140, 2022, 4.4967),
(1271, 140, 2021, 4.516),
(1272, 140, 2020, 4.5965),
(1273, 140, 2019, 4.3922),
(1274, 140, 2018, 4.4606),
(1275, 140, 2017, 4.5924),
(1276, 140, 2016, 4.805),
(1277, 140, 2015, 5.045),
(1278, 140, 2014, 4.739),
(1279, 140, 2011, 5.14066),
(1280, 141, 2022, 4.6135),
(1281, 141, 2021, 4.7442),
(1282, 141, 2020, 4.9476),
(1283, 141, 2019, 5.1318),
(1284, 141, 2018, 5.3726),
(1285, 141, 2017, 5.4825),
(1286, 141, 2016, 5.05),
(1287, 141, 2015, 5.389),
(1288, 141, 2014, 5.332),
(1289, 141, 2011, 5.234),
(1290, 139, 2021, 5.4743),
(1291, 139, 2020, 5.0664),
(1292, 139, 2019, 5.1191),
(1293, 139, 2018, 5.2467),
(1294, 139, 2017, 5.6362),
(1295, 139, 2016, 5.822),
(1296, 139, 2015, 5.658),
(1297, 139, 2014, 5.548),
(1298, 139, 2011, 6.56771),
(1299, 145, 2022, 4.4325),
(1300, 145, 2021, 4.6026),
(1301, 145, 2020, 4.6365),
(1302, 145, 2019, 4.432),
(1303, 145, 2018, 4.1894),
(1304, 145, 2017, 4.1608),
(1305, 145, 2016, 4.081),
(1306, 145, 2015, 3.739),
(1307, 145, 2014, 3.931),
(1308, 145, 2011, 4.31332),
(1309, 144, 2022, 5.0714),
(1310, 144, 2021, 5.0841),
(1311, 144, 2020, 4.8748),
(1312, 144, 2019, 4.5607),
(1313, 144, 2018, 4.3322),
(1314, 144, 2017, 4.1029),
(1315, 144, 2016, 4.096),
(1316, 144, 2015, 4.324),
(1317, 144, 2014, 4.681),
(1318, 144, 2011, 5.08908),
(1319, 1, 2022, 6.5712),
(1320, 1, 2021, 6.576),
(1321, 1, 2020, 6.5605),
(1322, 1, 2019, 6.7908),
(1323, 1, 2018, 6.8245),
(1324, 1, 2017, 6.7741),
(1325, 1, 2016, 6.648),
(1326, 1, 2015, 6.573),
(1327, 1, 2014, 6.901),
(1328, 1, 2011, 6.97724),
(1329, 47, 2022, 6.7956),
(1330, 47, 2021, 6.9425),
(1331, 47, 2020, 7.0636),
(1332, 47, 2019, 7.1645),
(1333, 47, 2018, 7.0537),
(1334, 47, 2017, 6.8143),
(1335, 47, 2016, 6.714),
(1336, 47, 2015, 6.725),
(1337, 47, 2014, 6.867),
(1338, 47, 2011, 6.9364),
(1339, 146, 2022, 6.8937),
(1340, 146, 2021, 6.9768),
(1341, 146, 2020, 6.9515),
(1342, 146, 2019, 6.9396),
(1343, 146, 2018, 6.8923),
(1344, 146, 2017, 6.886),
(1345, 146, 2016, 6.993),
(1346, 146, 2015, 7.104),
(1347, 146, 2014, 7.119),
(1348, 146, 2011, 7.27024),
(1349, 147, 2022, 6.4939),
(1350, 147, 2021, 6.4736),
(1351, 147, 2020, 6.4314),
(1352, 147, 2019, 6.4401),
(1353, 147, 2018, 6.2933),
(1354, 147, 2017, 6.3788),
(1355, 147, 2016, 6.454),
(1356, 147, 2015, 6.545),
(1357, 147, 2014, 6.485),
(1358, 147, 2011, 5.89825),
(1359, 148, 2022, 6.0143),
(1360, 148, 2021, 6.0627),
(1361, 148, 2020, 6.1788),
(1362, 148, 2019, 6.2576),
(1363, 148, 2018, 6.1741),
(1364, 148, 2017, 6.0961),
(1365, 148, 2016, 5.971),
(1366, 148, 2015, 5.987),
(1367, 148, 2014, 6.003),
(1368, 148, 2011, 5.22483),
(1369, 149, 2022, 5.2106),
(1370, 149, 2021, 4.9255),
(1371, 149, 2020, 4.8922),
(1372, 149, 2019, 5.0532),
(1373, 149, 2018, 4.7066),
(1374, 149, 2017, 4.8056),
(1375, 149, 2016, 5.25),
(1376, 149, 2015, 6.084),
(1377, 149, 2014, 6.81),
(1378, 149, 2011, 6.92226),
(1379, 150, 2022, 5.7633),
(1380, 150, 2021, 5.485),
(1381, 150, 2020, 5.4108),
(1382, 150, 2019, 5.3535),
(1383, 150, 2018, 5.1753),
(1384, 150, 2017, 5.1032),
(1385, 150, 2016, 5.074),
(1386, 150, 2015, 5.061),
(1387, 150, 2014, 5.36),
(1388, 150, 2011, 5.42529),
(1389, 151, 2021, 4.1969),
(1390, 151, 2020, 3.6579),
(1391, 151, 2019, 3.5274),
(1392, 151, 2018, 3.3798),
(1393, 151, 2017, 3.3549),
(1394, 151, 2016, 3.593),
(1395, 151, 2015, 3.724),
(1396, 151, 2014, 4.077),
(1397, 151, 2011, 4.45363),
(1398, 153, 2022, 3.9822),
(1399, 153, 2021, 3.7598),
(1400, 153, 2020, 4.0734),
(1401, 153, 2019, 3.7594),
(1402, 153, 2018, 4.1066),
(1403, 153, 2017, 4.3771),
(1404, 153, 2016, 4.514),
(1405, 153, 2015, 4.795),
(1406, 153, 2014, 5.129),
(1407, 153, 2011, 4.70455),
(1408, 154, 2022, 3.2035),
(1409, 154, 2021, 2.9951),
(1410, 154, 2020, 3.1448),
(1411, 154, 2019, 3.2992),
(1412, 154, 2018, 3.6632),
(1413, 154, 2017, 3.6923),
(1414, 154, 2016, 3.875),
(1415, 154, 2015, 4.193),
(1416, 154, 2014, 4.61),
(1417, 154, 2011, 3.97843);

-- --------------------------------------------------------

--
-- Table structure for table `healthcaredata`
--

CREATE TABLE `healthcaredata` (
  `id` int(11) NOT NULL,
  `birthRate` float DEFAULT NULL,
  `fertilityRate` float DEFAULT NULL,
  `infantMortaloty` float DEFAULT NULL,
  `lifeExpectancy` int(11) DEFAULT NULL,
  `maternalMortality` float DEFAULT NULL,
  `physicianPerThousand` float DEFAULT NULL
) ENGINE=InnoDB DEFAULT CHARSET=utf8mb4;

--
-- Dumping data for table `healthcaredata`
--

INSERT INTO `healthcaredata` (`id`, `birthRate`, `fertilityRate`, `infantMortaloty`, `lifeExpectancy`, `maternalMortality`, `physicianPerThousand`) VALUES
(1, 0, 32.49, 4.47, 48, 64.5, 638),
(2, 0, 11.78, 1.62, 8, 78.5, 15),
(3, 0, 24.28, 3.02, 20, 76.7, 112),
(4, 0, 7.2, 1.27, 3, NULL, 5),
(5, 0, 40.73, 5.52, 52, 60.8, 241),
(6, 0, 15.33, 1.99, 5, 76.9, 42),
(7, 0, 17.02, 2.26, 9, 76.5, 39),
(8, 0, 13.99, 1.76, 11, 74.9, 26),
(9, 0, 12.6, 1.74, 3, 82.7, 6),
(10, 0, 9.7, 1.47, 3, 81.6, 5),
(11, 0, 14, 1.73, 19, 72.9, 26),
(12, 0, 13.97, 1.75, 8, 73.8, 70),
(13, 0, 13.99, 1.99, 6, 77.2, 14),
(14, 0, 18.18, 2.04, 25, 72.3, 173),
(15, 0, 10.65, 1.62, 11, 79.1, 27),
(16, 0, 9.9, 1.45, 3, 74.2, 2),
(17, 0, 10.3, 1.62, 3, 81.6, 5),
(18, 0, 20.79, 2.31, 11, 74.5, 36),
(19, 0, 36.22, 4.84, 61, 61.5, 397),
(20, 0, 17.26, 1.98, 25, 71.5, 183),
(21, 0, 21.75, 2.73, 22, 71.2, 155),
(22, 0, 8.11, 1.27, 5, 77.3, 10),
(23, 0, 24.82, 2.87, 30, 69.3, 144),
(24, 0, 13.92, 1.73, 13, 75.7, 60),
(25, 0, 14.9, 1.85, 10, 75.7, 31),
(26, 0, 8.9, 1.56, 6, 74.9, 10),
(27, 0, 37.93, 5.19, 49, 61.2, 320),
(28, 0, 39.01, 5.41, 41, 61.2, 548),
(29, 0, 35.74, 4.65, 59, 57.4, 617),
(30, 0, 19.49, 2.27, 17, 72.8, 58),
(31, 0, 22.46, 2.5, 24, 69.6, 160),
(32, 0, 35.39, 4.57, 51, 58.9, 529),
(33, 0, 10.1, 1.5, 4, 81.9, 10),
(34, 0, 35.35, 4.72, 85, 52.8, 829),
(35, 0, 42.17, 5.75, 71, 54, 1140),
(36, 0, 12.43, 1.65, 6, 80, 13),
(37, 0, 10.9, 1.69, 7, 77, 29),
(38, 0, 14.88, 1.81, 12, 77.1, 83),
(39, 0, 31.88, 4.21, 51, 64.1, 273),
(40, 0, 32.86, 4.43, 36, 64.3, 378),
(41, 0, 13.97, 1.75, 8, 80.1, 27),
(42, 0, 9, 1.47, 4, 78.1, 8),
(43, 0, 10.17, 1.62, 4, 78.7, 36),
(44, 0, 10.46, 1.33, 2, 80.8, 6),
(45, 0, 10.7, 1.69, 3, 79, 3),
(46, 0, 41.18, 5.92, 68, 60.4, 473),
(47, 0, 10.6, 1.73, 4, 81, 4),
(48, 0, 21.47, 2.73, 50, 66.6, 248),
(49, 0, 12, 1.9, 33, 76.6, 5),
(50, 0, 19.51, 2.35, 24, 73.9, 95),
(51, 0, 19.72, 2.43, 12, 76.8, 59),
(52, 0, 26.38, 3.33, 18, 71.8, 37),
(53, 0, 18.25, 2.04, 12, 73.1, 46),
(54, 0, 33.24, 4.51, 63, 58.4, 301),
(55, 0, 30.3, 4.06, 31, 65.9, 480),
(56, 0, 10.9, 1.59, 2, 78.2, 9),
(57, 0, NULL, NULL, NULL, NULL, 5),
(58, 0, 32.34, 4.25, 39, 66.2, 401),
(59, 0, 21.28, 2.77, 22, 67.3, 34),
(60, 0, 8.6, 1.41, 1, 81.7, 3),
(61, 0, 11.3, 1.88, 3, 82.5, 8),
(62, 0, 31.61, 3.97, 33, 66.2, 252),
(63, 0, 38.54, 5.22, 39, 61.7, 597),
(64, 0, 13.47, 2.06, 9, 73.6, 25),
(65, 0, 9.5, 1.56, 3, 80.9, 7),
(66, 0, 29.41, 3.87, 35, 63.8, 308),
(67, 0, 8.1, 1.35, 4, 81.3, 3),
(68, 0, 16.47, 2.06, 14, 72.4, 25),
(69, 0, 24.56, 2.87, 22, 74.1, 95),
(70, 0, 36.36, 4.7, 65, 61.2, 576),
(71, 0, 35.13, 4.48, 54, 58, 667),
(72, 0, 19.97, 2.46, 25, 69.8, 169),
(73, 0, 24.35, 2.94, 50, 63.7, 480),
(74, 0, NULL, NULL, NULL, NULL, 5),
(75, 0, 21.6, 2.46, 15, 75.1, 65),
(76, 0, 9.6, 1.54, 4, 75.8, 12),
(77, 0, 12, 1.71, 2, 82.7, 4),
(78, 0, 17.86, 2.22, 30, 69.4, 145),
(79, 0, 18.07, 2.31, 21, 71.5, 177),
(80, 0, 18.78, 2.14, 12, 76.5, 16),
(81, 0, 29.08, 3.67, 23, 70.5, 79),
(82, 0, 12.5, 1.75, 3, 82.3, 5),
(83, 0, 20.8, 3.09, 3, 82.8, 3),
(84, 0, 7.3, 1.29, 3, 82.9, 2),
(85, 0, 16.1, 1.98, 12, 74.4, 80),
(86, 0, 7.4, 1.42, 2, 84.2, 5),
(87, 0, 21.98, 2.76, 14, 74.4, 46),
(88, 0, 21.77, 2.84, 9, 73.2, 10),
(89, 0, 28.75, 3.49, 31, 66.3, 342),
(90, 0, 27.89, 3.57, 41, 68.1, 92),
(91, 0, 13.94, 2.08, 7, 75.4, 12),
(92, 0, 27.1, 3.3, 17, 71.4, 60),
(93, 0, 23.55, 2.67, 38, 67.6, 185),
(94, 0, 10, 1.6, 3, 74.7, 19),
(95, 0, 17.55, 2.09, 6, 78.9, 29),
(96, 0, 26.81, 3.14, 66, 53.7, 544),
(97, 0, 33.04, 4.32, 54, 63.7, 661),
(98, 0, 18.83, 2.24, 10, 72.7, 72),
(99, 0, 9.9, 1.44, NULL, 83, 5),
(100, 0, 10, 1.63, 3, 75.7, 8),
(101, 0, 10.3, 1.37, 2, 82.1, 5),
(102, 0, 32.66, 4.08, 38, 66.7, 335),
(103, 0, 34.12, 4.21, 35, 63.8, 349),
(104, 0, 16.75, 2, 7, 76, 29),
(105, 0, 14.2, 1.87, 7, 78.6, 53),
(106, 0, 41.54, 5.88, 62, 58.9, 562),
(107, 0, 9.2, 1.23, 6, 82.3, 6),
(108, 0, 29.03, 4.05, 27, 65.2, 5),
(109, 0, 33.69, 4.56, 52, 64.7, 766),
(110, 0, 10.2, 1.41, 14, 74.4, 61),
(111, 0, 17.6, 2.13, 11, 75, 33),
(112, 0, 22.82, 3.05, 26, 67.8, 88),
(113, 0, 10.1, 1.26, 14, 71.8, 19),
(114, 0, 5.9, NULL, 3, NULL, 5),
(115, 0, 24.13, 2.9, 14, 69.7, 45),
(116, 0, 11.73, 1.75, 2, 76.8, 6),
(117, 0, 18.94, 2.42, 19, 76.5, 70),
(118, 0, 37.52, 4.85, 54, 60.2, 289),
(119, 0, 17.55, 2.15, 37, 66.9, 250),
(120, 0, 28.64, 3.4, 29, 63.4, 195),
(121, 0, NULL, NULL, NULL, NULL, 5),
(122, 0, 19.89, 1.92, 27, 70.5, 186),
(123, 0, 9.7, 1.59, 3, 81.8, 5),
(124, 0, 11.98, 1.71, 5, 81.9, 9),
(125, 0, 20.64, 2.4, 16, 74.3, 98),
(126, 0, 46.08, 6.91, 48, 62, 509),
(127, 0, 37.91, 5.39, 76, 54.3, 917),
(128, 0, 13.89, 1.9, 14, 72.1, 89),
(129, 0, NULL, NULL, NULL, NULL, 5),
(130, 0, 10.4, 1.56, 2, 82.8, 2),
(131, 0, 19.19, 2.89, 10, 77.6, 19),
(132, 0, 28.25, 3.51, 57, 67.1, 140),
(133, 0, 14, 2.21, 17, 69.1, 5),
(134, 0, NULL, NULL, NULL, NULL, 5),
(135, 0, 18.98, 2.46, 13, 78.3, 52),
(136, 0, 27.07, 3.56, 38, 64.3, 145),
(137, 0, 20.57, 2.43, 17, 74.1, 129),
(138, 0, 17.95, 2.25, 11, 76.5, 88),
(139, 0, 20.55, 2.58, 23, 71.1, 121),
(140, 0, 10.2, 1.46, 4, 77.6, 2),
(141, 0, 8.5, 1.38, 3, 81.3, 8),
(142, 0, 9.54, 1.87, 6, 80.1, 9),
(143, 0, 9.6, 1.71, 6, 75.4, 19),
(144, 0, 11.5, 1.57, 6, 72.7, 17),
(145, 0, 31.7, 4.04, 27, 68.7, 248),
(146, 0, 12.6, 2.11, 10, 71.3, 5),
(147, 0, 12, 1.44, 15, 76.1, 117),
(148, 0, 14.24, 1.89, 15, 72.4, 68),
(149, 0, 24.38, 3.88, 14, 73.2, 43),
(150, 0, 6.8, 1.26, 2, 85.4, 5),
(151, 0, 31.54, 4.32, 24, 70.2, 130),
(152, 0, 17.8, 2.32, 6, 75, 17),
(153, 0, 34.52, 4.63, 32, 67.7, 315),
(154, 0, 9.2, 1.49, 5, 75.5, 12),
(155, 0, 17.1, 2.41, 12, 72.8, 53),
(156, 0, 33.41, 4.26, 79, 54.3, 1120),
(157, 0, 8.8, 1.14, 2, 83.1, 8),
(158, 0, 10.6, 1.52, 5, 77.2, 5),
(159, 0, 9.4, 1.6, 2, 81, 7),
(160, 0, 32.44, 4.4, 17, 72.8, 104),
(161, 0, 41.75, 6.07, 77, 57.1, 829),
(162, 0, 20.51, 2.41, 29, 63.9, 119),
(163, 0, 6.4, 0.98, 3, 82.6, 11),
(164, 0, 35.01, 4.7, 64, 57.6, 1150),
(165, 0, 7.9, 1.26, 3, 83.3, 4),
(166, 0, 15.83, 2.2, 6, 76.8, 36),
(167, 0, 32.18, 4.41, 42, 65.1, 295),
(168, 0, 18.54, 2.42, 17, 71.6, 120),
(169, 0, 11.4, 1.76, 2, 82.5, 4),
(170, 0, 10, 1.52, 4, 83.6, 5),
(171, 0, 23.69, 2.81, 14, 71.8, 31),
(172, 0, 30.76, 3.59, 30, 70.9, 17),
(173, 0, 36.7, 4.89, 38, 65, 524),
(174, 0, 10.34, 1.53, 8, 76.9, 37),
(175, 0, 29.42, 4.02, 39, 69.3, 142),
(176, 0, 33.11, 4.32, 47, 60.8, 396),
(177, 0, 24.3, 3.56, 13, 70.8, 52),
(178, 0, 12.94, 1.73, 16, 73.4, 67),
(179, 0, 17.56, 2.2, 15, 76.5, 43),
(180, 0, 16.03, 2.07, 9, 77.4, 17),
(181, 0, 23.83, 2.79, 39, 68.1, 7),
(182, 0, NULL, NULL, 21, NULL, 5),
(183, 0, 38.14, 4.96, 34, 63, 375),
(184, 0, 8.7, 1.3, 8, 71.6, 19),
(185, 0, 10.33, 1.41, 7, 77.8, 3),
(186, 0, 11, 1.68, 4, 81.3, 7),
(187, 0, 11.6, 1.73, 6, 78.5, 19),
(188, 0, 13.86, 1.97, 6, 77.8, 17),
(189, 0, 23.3, 2.42, 19, 71.6, 29),
(190, 0, 29.6, 3.78, 22, 70.3, 72),
(191, 0, 17.88, 2.27, 21, 72.1, 125),
(192, 0, 16.75, 2.05, 17, 75.3, 43),
(193, 0, 30.45, 3.79, 43, 66.1, 164),
(194, 0, 36.19, 4.63, 40, 63.5, 213),
(195, 0, 30.68, 3.62, 34, 61.2, 458);

-- --------------------------------------------------------

--
-- Table structure for table `populationdata`
--

CREATE TABLE `populationdata` (
  `id` int(11) NOT NULL,
  `density` int(11) DEFAULT NULL,
  `population` int(11) DEFAULT NULL,
  `laborForceParticipant` float DEFAULT NULL,
  `urbanPopulation` int(11) DEFAULT NULL
) ENGINE=InnoDB DEFAULT CHARSET=utf8mb4;

--
-- Dumping data for table `populationdata`
--

INSERT INTO `populationdata` (`id`, `density`, `population`, `laborForceParticipant`, `urbanPopulation`) VALUES
(1, 60, 38041754, 48.9, 9797273),
(2, 105, 2854191, 55.7, 1747593),
(3, 18, 43053054, 41.2, 31510100),
(4, 164, 77142, NULL, 67873),
(5, 26, 31825295, 77.5, 21061025),
(6, 223, 97118, NULL, 23800),
(7, 17, 44938712, 61.3, 41339571),
(8, 104, 2957731, 55.6, 1869848),
(9, 3, 25766605, 65.5, 21844756),
(10, 109, 8877067, 60.7, 5194416),
(11, 123, 10023318, 66.5, 5616165),
(12, 39, 389482, 74.6, 323784),
(13, 2239, 1501635, 73.4, 1467109),
(14, 1265, 167310838, 59, 60987417),
(15, 668, 287025, 65.2, 89431),
(16, 47, 9466856, 64.1, 7482982),
(17, 383, 11484055, 53.6, 11259082),
(18, 17, 390353, 65.1, 179039),
(19, 108, 11801151, 70.9, 5648149),
(20, 20, 727145, 66.7, 317538),
(21, 11, 11513100, 71.8, 8033035),
(22, 64, 3301000, 46.4, 1605144),
(23, 4, 2346179, 70.8, 1616550),
(24, 25, 212559417, 63.9, 183241641),
(25, 83, 433285, 64.7, 337711),
(26, 64, 6975761, 55.4, 5256027),
(27, 76, 20321378, 66.4, 6092349),
(28, 463, 11530580, 79.2, 1541177),
(29, 83, 25716544, 57, 13176900),
(30, 138, 483628, 60.5, 364029),
(31, 95, 16486542, 82.3, 3924621),
(32, 56, 25876380, 76.1, 14741256),
(33, 4, 36991981, 65.1, 30628482),
(34, 8, 4745185, 72, 1982064),
(35, 13, 15946876, 70.7, 3712273),
(36, 26, 18952038, 62.6, 16610135),
(37, 153, 1397715000, 68, 842933962),
(38, 46, 50339443, 68.8, 40827302),
(39, 467, 850886, 43.3, 248152),
(40, 16, 5380508, 69.4, 3625010),
(41, 100, 5047561, 62.1, 4041885),
(42, 73, 4067500, 51.2, 2328318),
(43, 106, 11333483, 53.6, 8739135),
(44, 131, 1198575, 63.1, 800708),
(45, 139, 10669709, 60.6, 7887156),
(46, 40, 86790567, 63.5, 39095679),
(47, 137, 5818553, 62.2, 5119978),
(48, 43, 973560, 60.2, 758549),
(49, 96, 71808, NULL, 50830),
(50, 225, 10738958, 64.3, 8787475),
(51, 71, 17373662, 68, 11116711),
(52, 103, 100388073, 46.4, 42895824),
(53, 313, 6453553, 59.1, 4694702),
(54, 50, 1355986, 62, 984812),
(55, 35, 6333135, 78.4, 1149670),
(56, 31, 1331824, 63.6, 916024),
(57, 67, 1093238, NULL, 9797273),
(58, 115, 112078730, 79.6, 23788710),
(59, 49, 889953, 57.6, 505048),
(60, 18, 5520314, 59.1, 4716888),
(61, 119, 67059887, 55.1, 54123364),
(62, 9, 2172579, 52.9, 1949694),
(63, 239, 2347706, 59.4, 1453958),
(64, 57, 3720382, 68.3, 2196476),
(65, 240, 83132799, 60.8, 64324835),
(66, 137, 30792608, 67.8, 17249054),
(67, 81, 10716322, 51.8, 8507474),
(68, 331, 112003, NULL, 40765),
(69, 167, 16604026, 62.3, 8540945),
(70, 53, 12771246, 61.5, 4661505),
(71, 70, 1920922, 72, 840922),
(72, 4, 782766, 56.2, 208912),
(73, 414, 11263077, 67.2, 6328948),
(74, 2003, 836, NULL, 9797273),
(75, 89, 9746117, 68.8, 5626433),
(76, 107, 9769949, 56.5, 6999582),
(77, 3, 361313, 75, 339110),
(78, 464, 1366417754, 49.3, 471031528),
(79, 151, 270203917, 67.5, 151509724),
(80, 52, 82913906, 44.7, 62509623),
(81, 93, 39309783, 43, 27783368),
(82, 72, 5007069, 62.1, 3133123),
(83, 400, 9053300, 64, 8374393),
(84, 206, 60297396, 49.6, 42651966),
(85, 273, 2948279, 66, 1650594),
(86, 347, 126226568, 61.7, 115782416),
(87, 115, 10101694, 39.3, 9213048),
(88, 7, 18513930, 68.8, 10652915),
(89, 94, 52573973, 74.7, 14461523),
(90, 147, 117606, NULL, 64489),
(91, 240, 4207083, 73.5, 4207083),
(92, 34, 6456900, 59.8, 2362644),
(93, 32, 7169455, 78.5, 2555552),
(94, 30, 1912789, 61.4, 1304943),
(95, 667, 6855713, 47, 6084994),
(96, 71, 2125268, 67.9, 607508),
(97, 53, 4937374, 76.3, 2548426),
(98, 4, 6777452, 49.7, 5448597),
(99, 238, 38019, NULL, 5464),
(100, 43, 2786844, 61.6, 1891013),
(101, 242, 645397, 59.3, 565488),
(102, 48, 26969307, 86.1, 10210849),
(103, 203, 18628747, 76.7, 3199301),
(104, 99, 32447385, 64.3, 24475766),
(105, 1802, 530953, 69.8, 213645),
(106, 17, 19658031, 70.8, 8479688),
(107, 1380, 502653, 56.5, 475902),
(108, 329, 58791, NULL, 45514),
(109, 5, 4525696, 45.9, 2466821),
(110, 626, 1265711, 58.3, 515980),
(111, 66, 126014024, 60.7, 102626859),
(112, 784, 113815, NULL, 25963),
(113, 123, 2657637, 43.1, 1135502),
(114, 26337, 38964, NULL, 38964),
(115, 2, 3225167, 59.7, 2210626),
(116, 47, 622137, 54.4, 417765),
(117, 83, 36910560, 45.3, 22975026),
(118, 40, 30366036, 78.1, 11092106),
(119, 83, 54045420, 61.7, 16674093),
(120, 3, 2494530, 59.5, 1273258),
(121, 541, 10084, NULL, 9797273),
(122, 203, 28608710, 83.8, 5765513),
(123, 508, 17332850, 63.6, 15924729),
(124, 18, 4841000, 69.9, 4258860),
(125, 55, 6545502, 66.4, 3846137),
(126, 19, 23310715, 72, 3850231),
(127, 226, 200963599, 52.9, 102806948),
(128, 214, 25666161, 80.4, 15947412),
(129, 83, 1836713, NULL, 9797273),
(130, 15, 5347896, 63.8, 4418218),
(131, 16, 5266535, 72.4, 4250777),
(132, 287, 216565318, 52.6, 79927762),
(133, 39, 18233, NULL, 14491),
(134, 847, 38041754, NULL, 9797273),
(135, 58, 4246439, 66.6, 2890084),
(136, 20, 8776109, 47.2, 1162834),
(137, 18, 7044636, 72.1, 4359150),
(138, 26, 32510453, 77.6, 25390339),
(139, 368, 108116615, 59.6, 50975903),
(140, 124, 37970874, 56.7, 22796574),
(141, 111, 10269417, 58.8, 6753579),
(142, 248, 2832067, 86.8, 2809071),
(143, 84, 19356544, 54.7, 10468793),
(144, 9, 144373535, 61.8, 107683889),
(145, 525, 12626950, 83.7, 2186104),
(146, 205, 52823, NULL, 16269),
(147, 301, 182790, 67.1, 34280),
(148, 284, 100455, 65.9, 58185),
(149, 70, 202506, 43.7, 35588),
(150, 566, 33860, NULL, 32969),
(151, 228, 215056, 57.8, 158277),
(152, 16, 34268528, 55.9, 28807838),
(153, 87, 16296364, 45.7, 7765706),
(154, 100, 6944975, 54.9, 3907243),
(155, 214, 97625, NULL, 55762),
(156, 111, 7813215, 57.9, 3319366),
(157, 8358, 5703569, 70.5, 5703569),
(158, 114, 5454073, 59.5, 2930419),
(159, 103, 2087946, 58.4, 1144654),
(160, 25, 669823, 83.8, 162164),
(161, 25, 15442905, 47.4, 7034861),
(162, 49, 58558270, 56, 39149717),
(163, 527, 51709098, 63, 42106719),
(164, 18, 11062113, 72.4, 2201250),
(165, 94, 47076781, 57.5, 37927409),
(166, 341, 21803000, 53.9, 4052088),
(167, 25, 42813238, 48.4, 14957233),
(168, 4, 581372, 51.1, 384258),
(169, 25, 10285453, 64.6, 9021165),
(170, 219, 8574832, 68.3, 6332428),
(171, 95, 17070135, 44.1, 9358019),
(172, 68, 9321018, 42, 2545477),
(173, 67, 58005463, 83.4, 20011885),
(174, 137, 69625582, 67.3, 35294600),
(175, 89, 3500000, 67.3, 400182),
(176, 152, 8082366, 77.6, 3414638),
(177, 147, 100209, 59.8, 24145),
(178, 273, 1394973, 60, 741944),
(179, 76, 11694719, 46.1, 8099061),
(180, 110, 83429615, 52.8, 63097818),
(181, 13, 5942089, 64.5, 3092738),
(182, 393, 11646, NULL, 7362),
(183, 229, 44269594, 70.3, 10784516),
(184, 75, 44385155, 54.2, 30835699),
(185, 118, 9770529, 82.1, 8479744),
(186, 281, 66834405, 62.8, 55908316),
(187, 36, 328239523, 62, 270663028),
(188, 20, 3461734, 64, 3303394),
(189, 79, 33580650, 65.1, 16935729),
(190, 25, 299882, 69.9, 76152),
(191, 32, 28515829, 59.7, 25162368),
(192, 314, 96462106, 77.4, 35332140),
(193, 56, 29161922, 38, 10869523),
(194, 25, 17861030, 74.6, 7871713),
(195, 38, 14645468, 83.1, 4717305);

--
-- Indexes for dumped tables
--

--
-- Indexes for table `country`
--
ALTER TABLE `country`
  ADD PRIMARY KEY (`id`);

--
-- Indexes for table `countrydata`
--
ALTER TABLE `countrydata`
  ADD PRIMARY KEY (`id`);

--
-- Indexes for table `educationaldata`
--
ALTER TABLE `educationaldata`
  ADD PRIMARY KEY (`id`);

--
-- Indexes for table `environmentaldata`
--
ALTER TABLE `environmentaldata`
  ADD PRIMARY KEY (`id`);

--
-- Indexes for table `financialdata`
--
ALTER TABLE `financialdata`
  ADD PRIMARY KEY (`id`);

--
-- Indexes for table `happinesreportscore`
--
ALTER TABLE `happinesreportscore`
  ADD PRIMARY KEY (`id`);

--
-- Indexes for table `healthcaredata`
--
ALTER TABLE `healthcaredata`
  ADD PRIMARY KEY (`id`);

--
-- Indexes for table `populationdata`
--
ALTER TABLE `populationdata`
  ADD PRIMARY KEY (`id`);
COMMIT;

/*!40101 SET CHARACTER_SET_CLIENT=@OLD_CHARACTER_SET_CLIENT */;
/*!40101 SET CHARACTER_SET_RESULTS=@OLD_CHARACTER_SET_RESULTS */;
/*!40101 SET COLLATION_CONNECTION=@OLD_COLLATION_CONNECTION */;
